	Unnamed: 0	# OTU	Cluster level	2012-03-25	2012-03-25.1	2012-03-30	2012-04-11	2012-04-20	2012-04-27	2012-05-06	2012-05-12	2012-05-16	2012-05-19	2012-05-23	2012-05-26	2012-05-31	2012-06-01	2012-06-07	2012-06-09	2012-06-13	2012-06-16	2012-06-20	2012-06-28	2012-06-28.1	2012-06-30	2012-07-07	2012-07-11	2012-07-23	2012-07-27	2012-07-27.1	2012-08-03	2012-08-10	2012-08-22	2012-08-25	2012-09-01	2012-09-12	2012-09-15	2012-09-19	2012-09-22	2012-09-26	2012-09-29	2012-10-03	2012-10-05	2012-10-12	2012-10-20	2012-10-27	2012-11-16	2012-12-17	2013-01-18	lca	hierarchy	best_silva_hits	Type sequence
1	4	OTU99_000004	99.00.00	0.013934426229508207	0.010575793184488837	0.017061089708310405	0.029534689328503755	0.044776119402985086	0.072229140722291446	0.20171480144404344	0.062371487320082269	0.053353093738421634	0.1246319921491659	0.062893081761006345	0.025362318840579722	0.16711956521739135	0.044371788883699199	0.0048355899419729184	0.0053580126643935676	0.0024449877750611234	0.0017846519928613948	0.0	0.0016920473773265647	0.004769475357710648	0.014262205156335715	0.026933701657458554	0.0074982958418541275	0.002168021680216803	0.0018939393939393953	0.0013934045517882026	0.00061312078479460429	0.0	0.00065703022339027651	0.00089126559714795036	0.0	0.0	0.0027548209366391185	0.001090512540894221	0.0	0.0024360535931790489	0.0019685039370078749	0.0	0.0	0.0024024024024024032	0.0047457627118644118	0.0022471910112359561	0.0	0.0019023462270133164	0.0058479532163742704	Flavobacteriaceae_uncultured	Bacteria;Bacteroidetes;Flavobacteria;Flavobacteriales;Flavobacteriaceae;uncultured;	GQ347747.1.1.1373~0.992084 AM279175.1.8.1418~0.986807 AM279210.1.8.1478~0.984169 FJ745043.1.1.1360~0.976253 AM279193.1.8.1407~0.973615 GU230409.1.1.1467~0.970976 EU391659.1.1.1450~0.970976 GU119445.1.1.1443~0.963061 JN233059.1.1.1440~0.963061	CTAATCCTGTTCGCTCCCCACGCTTTCGTCCCTCAGCGTCAATACGTTGTTAGTGATCTGCCTTCGCAATCGGTATTCTGAGTAATCTCTAAGCATTTCACCGCTACACTACTCATTCTAACCACTTCACAACGATTCAAGACAACCAGTATCAAGGGCAGTTCTACGGTTGAGCCGCAGAATTTCACCCCTGACTTAATTGTCCGCCTACGGACCCTTTAAACCCAATGATTCCGGATAACGCTTGCATCCTCCGTATTACCGCGGCTGCTGGCACGGAGTTAGCCGATGCTTATTCTTACGGTACCGTCAAACCTCCACACGTGGAGGTGTTTCTTCCCGTACAAAAGCAGTTTACAACCCATAGGGCCGTCATCCT
133	12	OTU99_000012	99.00.00	0.0	0.0	0.0016510731975784259	0.0	0.0054274084124830415	0.0	0.0	0.0	0.0	0.0	0.0	0.0	0.0	0.00046707146193367588	0.0	0.0	0.0	0.0	0.00097608589555880899	0.0045121263395375066	0.0058293587705352369	0.0021941854086670329	0.0	0.0095432856169052546	0.005420054200542008	0.01988636363636365	0.0055736182071528103	0.011036174126302877	0.0086517664023071476	0.026938239159001325	0.027629233511586464	0.031943212067435674	0.079404466501240695	0.02249770431588613	0.042529989094874612	0.040487804878048761	0.031668696711327639	0.043963254593175863	0.08312085670576233	0.091332378223495797	0.033033033033033052	0.0094915254237288235	0.021348314606741588	0.0	0.0006341154090044387	0.00053163211057947904	Synechococcus	Bacteria;Cyanobacteria;Cyanobacteria;SubsectionI;FamilyI;Synechococcus;	HM856503.1.1.1407~1 AY224198.1.1.1558~1 JN656827.1.1.1445~0.997361 AY930443.2.1.1411~0.992084 AB610889.1.1.1478~0.992084 AF448065.1.1.1417~0.992084 AM710355.1.1.1459~0.989446 EU804045.1.1.1448~0.989446 AM259221.1.1.1486~0.989446 FJ820461.1.1.1447~0.989446	CTAATCCCTTTCGCTCCCCTGGCTTTCGTCCATGAGCGTCAGTTATGGCCCAGCAGAGCGCCTTCGCCACTGGTGTTCTTCCCGATATCTACGCATTTCACCGCTACACCGGGAATTCCCTCTGCCCCTACCACACTCTAGTCTTGTAGTTTCCACCGCCGAAATGGAGTTAAGCTCCACGCTTTAACGACAGACTTACAAGACCGCCTGCGGACGCTTTACGCCCAATAATTCCGGATAACGCTTGCCACTCCCGTATTACCGCGGCTGCTGGCACGGAATTAGCCGTGGCTTATTCATCAAGTACCGTCAGATCTTCTTCCTTGATAAAAGAGGTTTACAGCCCAGAGGCCTTCATCCCTCACGCGGCGTTGCTCCG
62	37	OTU99_000037	99.00.00	0.0016393442622950833	0.0	0.0011007154650522844	0.000835887433825578	0.0054274084124830415	0.0037359900373599019	0.0022563176895306872	0.0020562028786840305	0.01593182660244535	0.0029440628066732095	0.0014798372179060317	0.0	0.0013586956521739134	0.0032695002335357323	0.014023210831721467	0.013638577691183628	0.011735941320293392	0.018441403926234411	0.016105417276720352	0.029892836999435981	0.028086910439851596	0.03894679100383984	0.026243093922651926	0.040218132242672136	0.011924119241192417	0.02083333333333335	0.020436600092893636	0.020846106683016549	0.032444124008651799	0.021024967148488841	0.0053475935828877037	0.0062111801242236038	0.0012406947890818854	0.010101010101010102	0.002181025081788442	0.0043902439024390222	0.0024360535931790489	0.0078740157480314994	0.0040795512493625686	0.0046561604584527275	0.0030030030030030043	0.0033898305084745796	0.0033707865168539344	0.0	0.0	0.0	Sporichthyaceae	Bacteria;Actinobacteria;Actinobacteria;Frankiales;Sporichthyaceae;	HM129009.1.1.1435~1 HM129531.1.1.1437~1 HM129480.1.1.1434~1 HM129131.1.1.1438~1 HM129416.1.1.1436~1 HQ532665.1.1.1506~1 JN868757.1.1.1504~1 JN868772.1.1.1505~1 HQ661182.1.1.1435~1 HM129188.1.1.1438~1	CTAATCCTGTTCGCTCCCCACGCTTTCGCTCCTCAGTGTCAGTAATGGCCCAGAGTCCTGCCTTCGCCATTGGTGTTCCTCCTGATATCTGCGCATTCCACCGCTACACCAGGAATTCCAGACTCCCCTACCATACTCAAGCTCGCCCGTATCGAATGCAGGTCTGGGGTTAAGCCCCAGAGTTTCACATCCGACGTGACGAACCACCTACGAGCTCTTTACGCCCAATAATTCCGGACAACGCTTGCACCCTATGTATTACCGCGGCTGCTGGCACATAGTTAGCCGGTGCTTCTTCTGCAGGTACCGTCACTTTCGCTTCTTCCCTGCTGAAAGCGGTTTACAACCCGAAGGCCTTCATCCCGCACGCGGCGTCGCT
36	54	OTU99_000054	99.00.00	0.0032786885245901657	0.0029377203290246777	0.0011007154650522844	0.000835887433825578	0.0013568521031207608	0.00083022000830220062	0.0	0.0	0.0033345683586513521	0.0029440628066732095	0.0036995930447650794	0.0	0.0	0.0	0.0053191489361702109	0.0034096444227959071	0.019070904645476758	0.020820939916716269	0.019033674963396776	0.014664410603496896	0.01271860095389506	0.012616566099835439	0.027624309392265189	0.045671438309475142	0.0043360433604336061	0.012784090909090917	0.0074314909428704126	0.0079705702023298557	0.027397260273972636	0.023653088042049946	0.019162210338680936	0.013309671694764862	0.011166253101736972	0.020661157024793386	0.011995637949836435	0.013658536585365845	0.018270401948842867	0.015748031496062999	0.010198878123406424	0.011461318051575946	0.020420420420420429	0.012203389830508485	0.025842696629213503	0.035308953341740251	0.0	0.0031897926634768745	NS5_marine_group	Bacteria;Bacteroidetes;Flavobacteria;Flavobacteriales;Flavobacteriaceae;NS5 marine group;	EU800832.1.1.1492~1 EU801717.1.1.1494~1 EU801784.1.1.1494~1 EU801203.1.1.1494~1 EU801602.1.1.1494~1 EU801789.1.1.1494~1 EU802159.1.1.1451~1 EU801732.1.1.1494~1 EU801540.1.1.1494~1 FN433428.1.1.1489~0.997361	CTAATCCTGTTCGCTACCCACGCTTTCGTCCCTCAGCGTCAGTATATTGTTAGTAATCTGCCTTCGCAATCGGTATTCTGTGTAATATCTATGCATTTCACCGCTACACTACACATTCTAACTACTTCACAATAACTCAAGTCTAACAGTATCAAAGGCAATGCTACAGTTGAGCTGCAGGATTTCACCTCTGACTTATCAGACCGCCTACGGACCCTTTAAACCCAATGATTCCGGATAACGCTTGGATCCTCCGTATTACCGCGGCTGCTGGCACGGAGTTAGCCGATCCTTATTCGTACAGTACCGTCAAATACCTACACGTAGGCACAATTCTTCCTGTATAAAAGCAGTTTACAACCCATAGGGCCGTCTTCCT
10	88	OTU99_000088	99.00.00	0.0	0.0	0.0011007154650522844	0.0	0.0	0.0	0.0	0.0027416038382453733	0.0022230455724342349	0.00078508341511285588	0.0025897151313355551	0.0	0.0	0.00093414292386735176	0.0033849129593810437	0.0014612761811982453	0.0039119804400977974	0.011302795954788832	0.0073206442166910699	0.0084602368866328239	0.010598834128245886	0.017553483269336263	0.0082872928176795577	0.0047716428084526273	0.002168021680216803	0.010890151515151519	0.011611704598235018	0.013488657265481296	0.016582552271088704	0.010512483574244424	0.0044563279857397524	0.0	0.0024813895781637708	0.0045913682277318639	0.007088331515812436	0.0034146341463414612	0.003654080389768573	0.0032808398950131246	0.0010198878123406422	0.0032234957020057342	0.0012012012012012016	0.0033898305084745796	0.0022471910112359561	0.0	0.0	0.0	hgcI_clade	Bacteria;Actinobacteria;Actinobacteria;Frankiales;Sporichthyaceae;hgcI clade;	FJ827879.1.1.1486~1 FJ800524.1.1.1468~1 HM129196.1.1.1435~1 FN668267.2.1.1475~1 HM128983.1.1.1435~1 HM129289.1.1.1436~1 HM129165.1.1.1437~1 JN656923.1.1.1474~1 HM129132.1.1.1436~1 HM128950.1.1.1435~1	CTAATCCTGTTCGCTCCCCACGCTTTCGCTCCTCAGTGTCAGTATTGGCCCAGAGACCTGCCTTCGCCATCGGTGTTCCTCCTGATATCTGCGCATTCCACCGCTACACCAGGAATTCCAGTCTCCCCTACCAAACTCTAGCTTGCCCGTATCGGCTGCAAGTCAGGGGTTGAGCCCCTGAATTTCACAACCGACGTAACAAACCACCTACGAGCTCTTTACGCCCAATAATTCCGGACAACGCTTGCACCCTATGTATTACCGCGGCTGCTGGCACATAGTTAGCCGGTGCTTCTTCTGCAGGTACCTTCACTTGCGCTTATTCCCTGCTGAAAGCGGTTTACAACCCGAAGGCCTTCATCCCGCACGCGGCGTCGCT
96	84	OTU99_000084	99.00.00	0.0024590163934426245	0.0	0.0011007154650522844	0.0011145165784341036	0.0061058344640434218	0.001245330012453301	0.0	0.0027416038382453733	0.0044460911448684698	0.0076545632973503445	0.0048094709581946024	0.0	0.0009057971014492757	0.0	0.001934235976789167	0.0	0.0073349633251833706	0.0023795359904818592	0.004880429477794046	0.0045121263395375066	0.004239533651298354	0.0021941854086670329	0.0020718232044198894	0.0047716428084526273	0.0075880758807588119	0.0061553030303030352	0.0018578727357176032	0.012262415695892087	0.0086517664023071476	0.022996057818659672	0.01381461675579323	0.0079858030168589184	0.0086848635235731997	0.010560146923783284	0.003816793893129773	0.0053658536585365823	0.0012180267965895245	0.0059055118110236246	0.0081591024987251373	0.009312320916905455	0.010210210210210215	0.0061016949152542426	0.0033707865168539344	0.0044136191677175314	0.0	0.0037214247740563534	CL500-29_marine_group	Bacteria;Actinobacteria;Acidimicrobiia;Acidimicrobiales;Acidimicrobiaceae;CL500-29 marine group;	EU801946.1.1.1486~1 EU801876.1.1.1485~1 FJ827857.1.1.1490~1 JN656915.1.1.1483~1 FJ800538.1.1.1477~1 HM856507.1.1.1444~0.997361 HM129998.1.1.1435~0.997361 HM129871.1.1.1444~0.997361 DQ316364.1.1.1499~0.997361 DQ316358.1.1.1315~0.997361	CTAATCCTGTTTGCTACCCACGCTTTCGCTCCTCAGCGTCAGTATCGGCCCAGAGCGGCGCCTTCGCCACCGGTGTTCCTCCTAATATCTGCGCATTTCACCGCTACACTAGGAATTCCCCGCTCCCCTACCGAACTCTAGTCACAGTAGTATCGAGTGGCGTCTCTGGGTTAAGCCCAGAGTTTTCACACCCGACTTACTGAACCGCCTACGAGCTCTTTACGCCCAATAAATCCGGACAACGCTTGGTGCCTACGTGTCACCGCGGCTGCTGGCACGTAGTTGGCCGCACCTTATTCTACAGGTACCGTCATTTTCGTTCCTGTTAAAAGCGGTTTACAACCCGAAGGCCTTCATCCCGCACGCGGCGTTGCTGCGT
91	5	OTU99_000005	99.00.00	0.15819672131147552	0.19153936545240891	0.05558613098514037	0.10197826692672053	0.0054274084124830415	0.0062266500622665047	0.0	0.0	0.0011115227862171174	0.0	0.0	0.0	0.0067934782608695659	0.0	0.0	0.0	0.0	0.0	0.0	0.0	0.0	0.0	0.0	0.0	0.0	0.0	0.0	0.0	0.00072098053352559553	0.0	0.0	0.0	0.0	0.0	0.0	0.0	0.0	0.0	0.0	0.0	0.0	0.0	0.0	0.0	0.0	0.0	Chloroplast	Bacteria;Cyanobacteria;Chloroplast;	FJ002211.1.1.1348~1 FJ002174.1.1.1435~1 HQ203749.1.1.1453~1 FJ612428.1.1.1453~1 GU145443.1.1.1452~1 HQ203803.1.1.1453~1 HQ203812.1.1.1446~1 JF495301.1.1.1426~1 HQ203746.1.1.1452~1 FJ612431.1.1.1453~1	CTAATCCCATTTGCTACCCTAGCTTTCGTCTCTGAGTGTTAGTAATAGCCCAGTAAAGTGCTTTCGCCATCGGTGTTCTTTCCAATATCTACGCATTTCACCGCTCCACTGGAAATTCCCTTTACCTCTACTATACTCTAGTCTAATAGTTTCGACTGCGATTTTGAAGTTGAGCCTCAAGATTTAACAGTTGACTTATTAAACCACCTACAGACGCTTTACGCCCAGTGATTCCGGATAACACTTGCATCCTCCGTCTTACCGCGGCTGCTGGCACGGAGTTAGCCGATGCTTATTCTTCAGGTACACGTCATTTTATTCCTCCCTGAAaaaaGAGGTTTACAACCCATAGGCAGTCTTCCCTCACGCGGTATTGCTC
3	25	OTU99_000025	99.00.00	0.0	0.0	0.0011007154650522844	0.027027027027027018	0.0	0.0	0.0	0.0	0.0	0.0	0.0	0.0	0.0	0.00093414292386735176	0.00096711798839458349	0.0	0.0	0.0	0.001952171791117618	0.0	0.060943296237413833	0.054306088864509064	0.0	0.0	0.0	0.028409090909090936	0.0	0.0	0.0	0.0	0.0	0.0	0.0	0.0	0.0	0.0	0.0	0.0	0.0	0.0	0.0	0.0	0.0	0.0	0.0	0.0	Chesapeake-Delaware_Bay	Bacteria;Proteobacteria;Alphaproteobacteria;SAR11 clade;Chesapeake-Delaware Bay;	HM130015.1.1.1408~0.987342 HM129820.1.1.1408~0.987342 HM127599.1.1.1408~0.987342 HM127427.1.1.1408~0.987342 HM127526.1.1.1408~0.987342 HM127692.1.1.1407~0.987342 HM127836.1.1.1408~0.987342 HM129665.1.1.1408~0.987342 HM127779.1.1.1408~0.987342 HM127440.1.1.1408~0.987342	CTAATCCTCTTCGCTACCCATACTTTCGTATCTCAGCGTCAGTAATGATCCAGAAAGCCGCCTTCGCAACTGGTGTTCTACATAATATCTACGAATTTCACCTCTACACTATGTATTCCGCTTTCCTCTATCATACTCCAGCTAAATAGTTTTAATTGCAATTCCAAAGTTAAGCTTTGGGCTTTCACAATTAACTTATCTAGCCGCCTACATACTCTTTACGCCCAATAAATCCGG
154	61	OTU99_000061	99.00.00	0.0	0.0017626321974148059	0.0016510731975784259	0.0	0.0047489823609226612	0.0020755500207555017	0.0031588447653429622	0.0054832076764907466	0.0025935531678399396	0.0039254170755642793	0.0029596744358120633	0.0009057971014492757	0.0	0.0	0.003868471953578334	0.0073063809059912286	0.0034229828850855723	0.01487209994051162	0.01171303074670571	0.021996615905245348	0.018547959724430303	0.0093252879868348897	0.0062154696132596691	0.012951601908657131	0.005420054200542008	0.015151515151515159	0.016256386437529028	0.028203556100551797	0.039653929343907754	0.027595269382391607	0.019162210338680936	0.022182786157941441	0.014888337468982632	0.012396694214876032	0.017448200654307536	0.023414634146341453	0.034104750304506687	0.023622047244094498	0.019377868434472201	0.016833810888252171	0.0060060060060060086	0.014915254237288149	0.012359550561797761	0.015762925598991184	0.0	0.0021265284423179162	hgcI_clade	Bacteria;Actinobacteria;Actinobacteria;Frankiales;Sporichthyaceae;hgcI clade;	HM129553.1.1.1441~1 HM129467.1.1.1437~1 JN869019.1.1.1507~1 HQ008566.1.1.1510~1 HQ661279.1.1.1437~1 JN868962.1.1.1507~1 JN869030.1.1.1506~1 JN869205.1.1.1507~1 JN868973.1.1.1510~1 HQ008593.1.1.1510~1	CTAATCCTGTTCGCTCCCCAGACTTTCGCTCCTCAGTGTCAGTATTGGCCCAGAGACCTGCCTTCGCCATTGGTGTTCCTCCTGATATCTGCGCATTCCACCGCTACACCAGGAATTCCAGTCTCCCCTACCAAACTCTAGTTTGCCCGTATCGAATGCAGGCCTGAGGTTGAGCCTCAGGTTTTCACATCCGACGTAACAAACGACCTACGAGCTCTTTACGCCCAATAATTCCGGACAACGCTTGCACCCTATGTATTACCGCGGCTGCTGGCACATAGTTAGCCGGTGCTTCTTTTGTAGGTACCG
147	85	OTU99_000085	99.00.00	0.0016393442622950833	0.0	0.0	0.00027862914460852591	0.0013568521031207608	0.0062266500622665047	0.0	0.0	0.0022230455724342349	0.0027477919528949954	0.0014798372179060317	0.0022644927536231889	0.0031702898550724653	0.0018682858477347035	0.0096711798839458369	0.015586945932781288	0.0097799511002444918	0.027959547888161851	0.017081503172279161	0.0062041737168640719	0.010598834128245886	0.010970927043335165	0.0096685082872928173	0.0088616223585548781	0.002710027100271004	0.0033143939393939417	0.0027868091035764052	0.00429184549356223	0.0021629416005767869	0.0	0.0022281639928698762	0.0	0.0062034739454094288	0.0018365472910927454	0.003271537622682663	0.0039024390243902413	0.0	0.0045931758530183744	0.0015298317185109629	0.0	0.0	0.0027118644067796634	0.0	0.0018915510718789418	0.0	0.0	Gammaproteobacteria	Bacteria;Proteobacteria;Gammaproteobacteria;	FR684110.1.1.1498~1 FR684835.1.1.1499~1 FR686186.1.1.1500~1 FR685115.1.1.1498~1 FR684433.1.1.1500~1 GQ347803.1.1.1366~1 JN591824.1.1.1505~1 JN591825.1.1.1505~1 GQ348661.1.1.1380~1 FR684711.1.1.1501~1	CTAATCCTGTTTGCTCCCCACGCTTTCGCACCTCAGCGTCAGTATCGATCCAGGgggCCGCCTTCGCCACTGGTATTCCTCCACATCTCTACGCATTTCACCGCTACACATGGAATTCTACCccccTCTACCGTACTCTAGCTTGCCAGTATGTGATGCAGTTCCAAGGTTGAGCCCTGGGCTTTCACATCACACTTAACAAACCGCCTACGcgcgcTTTACGCCCAGTAATTCCGATTAACGCTTGCACCCTCCGTATTACCGCGGCTGCTGGCACGGAGTTAGCCGGTGCTGCTTCTGTAGGTAACGTCAATCCAAAGCGCTATTAACACTCTGGCCTTCCTCCCTACTGAAAGTGCTTTACAACCCTAGAGCCTTC
121	6	OTU99_000006	99.00.00	0.0	0.0023501762632197414	0.0099064391854705586	0.0011145165784341036	0.027137042062415205	0.0020755500207555017	0.0013537906137184124	0.0020562028786840305	0.009633197480548349	0.0043179587831207083	0.0059193488716241267	0.0058876811594202917	0.0063405797101449305	0.00093414292386735176	0.0091876208897485462	0.0073063809059912286	0.016136919315403415	0.026769779892920915	0.026842362127867253	0.03102086858432036	0.028086910439851596	0.033461327482172253	0.085635359116022075	0.068166325835037525	0.034688346883468849	0.11079545454545464	0.058987459359033899	0.096259963212752889	0.23576063446286974	0.20105124835742455	0.16221033868092696	0.12156166814551908	0.094292803970223313	0.13452708907254363	0.083969465648855005	0.11365853658536577	0.15834348355663821	0.14304461942257221	0.1213666496685364	0.087034383954154831	0.066666666666666693	0.047457627118644118	0.037078651685393281	0.063051702395964734	0.0006341154090044387	0.0042530568846358323	hgcI_clade	Bacteria;Actinobacteria;Actinobacteria;Frankiales;Sporichthyaceae;hgcI clade;	JF429216.1.1.1477~1 HQ661358.1.1.1436~1 JN868818.1.1.1506~1 JN868731.1.1.1506~1 JN868761.1.1.1506~1 JN868799.1.1.1506~1 JN869092.1.1.1506~1 JN869226.1.1.1496~1 JN869007.1.1.1512~1 JN868725.1.1.1506~1	CTAATCCTGTTCGCTCCCCGCACTTTCGCTCCTCAGTGTCAGTTATGGCCCAGAGACCTGCCTTCGCCATTGGTGTTCCTCCTGATATCTGCGCATTCCACCGCTACACCAGGAATTCCAGTCTCCCCTACCACACTCTAGTTTGCCCGTATCGACTGCAGGTCTGAGGTTGAGCCTCAGATTTTCACAATCGACGCGACAAACGACCTACGAGCTCTTTACGCCCAATAATTCCGGACAACGCTTGCACCCTATGTATTACCGCGGCTGCTGGCACATAGTTAGCCGGTGCTTCTTCTTTAGGTACCGTCACTTTCGCTTCTTCCCTACTGAAAGAGGTTTACAATCCGAAGACCTTCATCCCTCACGCGGCGTCGCT
81	89	OTU99_000089	99.00.00	0.0	0.0	0.0033021463951568518	0.000835887433825578	0.010176390773405703	0.0070568700705687052	0.0040613718411552377	0.0027416038382453733	0.0070396443127084098	0.0086359175662414165	0.0066592674805771431	0.0076992753623188444	0.0018115942028985514	0.014946286781877628	0.0058027079303675025	0.0014612761811982453	0.015158924205378963	0.017251635930993478	0.014641288433382138	0.0028200789622109409	0.004239533651298354	0.0021941854086670329	0.0055248618784530376	0.021131561008861637	0.0081300813008130125	0.0075757575757575794	0.0097538318625174179	0.0036787247087676253	0.0021629416005767869	0.0019710906701708285	0.0022281639928698762	0.0	0.0	0.0064279155188246085	0.0043620501635768839	0.0078048780487804826	0.0024360535931790489	0.017060367454068248	0.020397756246812841	0.019340974212034408	0.02282282282282283	0.025084745762711889	0.017977528089887652	0.0094577553593947102	0.0	0.0	Fluviicola	Bacteria;Bacteroidetes;Flavobacteria;Flavobacteriales;Cryomorphaceae;Fluviicola;	FN668164.2.1.1486~1 EU703457.1.1.1492~1 FN668163.2.1.1486~1 GQ340155.1.1.1395~1 EU703159.1.1.1492~1 FN668153.2.1.1486~1 EU703189.1.1.1492~1 JN591937.1.1.1489~0.996416 HQ166769.1.1.1357~0.996416 GQ349968.1.1.1371~0.996416	CTAATCCTGTTTGATCCCCACGCTTTCGTCCCTGAGCGTCAATCCAGGCCTAGTGAGCTGCCTTCGCTATCGGTGTTCTGTGTAATATCTATGCATTTCACCGCTACACTACACATTCCGCCCACTTCGACCGAATTCAAGACGTACAGTATCAATGGCAGTTCTGCAGTTAAGCTGCAGGATTTCACCACTGACTTATACGCCCGCCTGCGGACCCTTTAAACCCAATGATTCCGGATAACGCTTGCACCCTCCGTATTACCGCGGCTGCTGGCACGG
123	9	OTU99_000009	99.00.00	0.022131147540983619	0.069330199764982364	0.015960374243258118	0.065756478127612122	0.0	0.00041511000415110031	0.0	0.0	0.0	0.0	0.0	0.0	0.0009057971014492757	0.0	0.0	0.0	0.0	0.0	0.0	0.0	0.0	0.0	0.0	0.0	0.0	0.0	0.0	0.0	0.0	0.0	0.0	0.0	0.0	0.0	0.0	0.0	0.0	0.0	0.0	0.0	0.0	0.0	0.0	0.0	0.0	0.0	Chloroplast	Bacteria;Cyanobacteria;Chloroplast;	EU367139.1.1.1202~0.994723 EU367122.1.1.1237~0.994723 JF277091.1.1.1447~0.994723 JF277090.1.1.1447~0.994723 FJ516953.1.1.1449~0.994723 JF277067.1.1.1447~0.994723 JF344323.1.1.1447~0.994723 JF344281.1.1.1440~0.994723 JF277069.1.1.1447~0.994723 FJ516952.1.1.1447~0.994723	CTAATCCCATTTGCTACCCTAGCTTTCGTCtctcAGTGTTAGTAATAGCCCAGTAAAGTGCCTTCGCCATCGGTGTTCTTTCCAATCTCTACGCATTTCACCGCTCCACTGGAAATTCCCTTTACCCCTACTATACTCTAGTCTAATAGTTTCGACTGCGGTTTCGAGGTTGAGCCTCAAGATTTAACAGTTGACTTATTAAACCACCTACAGACGCTTTACGCCCAGTGATTCCGGATAACACTTGCATCCTCCGTCTTACCGCGGCTGCTGGCACGGAGTTAGCCGATGCTTATTCTTCAGGTACACGTCATTTATTCCTCCCTGAAaaaaGAGGTTTACAACCCATAGGCCGTCATCCCTCACGCGGTATTGCTCC
44	24	OTU99_000024	99.00.00	0.0040983606557377077	0.0017626321974148059	0.0022014309301045683	0.0027862914460852596	0.0047489823609226612	0.0066417600664176058	0.0049638989169675128	0.01028101439342015	0.016302334197851053	0.031599607458292454	0.037365889752127304	0.0095108695652173954	0.0054347826086956538	0.02382064455861747	0.0053191489361702109	0.010716025328787135	0.0097799511002444918	0.013087447947650226	0.0092728160078086857	0.0028200789622109409	0.002119766825649177	0.0	0.0	0.0	0.0032520325203252046	0.0	0.0074314909428704126	0.0012262415695892086	0.0036049026676279782	0.002628120893561106	0.0071301247771836029	0.0017746228926353151	0.023573200992555828	0.0059687786960514241	0.002181025081788442	0.0024390243902439007	0.006090133982947621	0.0013123359580052498	0.0025497195308516059	0.0032234957020057342	0.0036036036036036054	0.0047457627118644118	0.0078651685393258484	0.021437578814628006	0.0019023462270133164	0.0015948963317384372	Fluviicola	Bacteria;Bacteroidetes;Flavobacteria;Flavobacteriales;Cryomorphaceae;Fluviicola;	HM129596.1.1.1449~1 HM127311.1.1.1450~1 HM129859.1.1.1449~1 HM129863.1.1.1449~1 HM129978.1.1.1449~1 HM130039.1.1.1449~1 HM129894.1.1.1449~1 HM856578.1.1.1449~1 HM129975.1.1.1449~1 HM129898.1.1.1449~1	CTAATCCTGTTTGATCCCCACGCTTTCGTCCCTGAGCGTCAATCCAGGCCTAGTGAGCTGCCTTCGCTATCGGTGTTCTGTGTAATATCTATGCATTTCACCGCTACACTACACATTCCGCCCACTTCGACCGAATTCAAGACTTACAGTATCAATGGCAGTTCTACAGTTGAGCTGTAGGCTTTCACCACTGACTTATATGCCCGCCTGCGGACCCTTTAAACCCAATGATTCCGGATAACGCTTGCACCCTCCGTATTACCGCGGCTGCTGGCACGGAGTTAGCCGGTGCTTATTCATTTGGTACCTTCAGACCCCGACACGTCGGggggTTTATTCCCAAATAAAAGCAGTTTACAATCCATAGGACATTCTTCCT
43	2	OTU99_000002	99.00.00	0.031967213114754124	0.013513513513513514	0.030269675288937817	0.020061298411813869	0.044776119402985086	0.0091324200913242073	0.0085740072202166121	0.026045236463331057	0.12300852167469432	0.03827281648675173	0.2208657047724753	0.0054347826086956555	0.0095108695652173936	0.052312003736571716	0.14845261121856862	0.24159766195810997	0.28361858190709033	0.10113027959547899	0.087359687652513424	0.071065989847715727	0.058823529411764656	0.070762479429511818	0.062154696132596672	0.049761417859577398	0.24173441734417361	0.097537878787878854	0.13934045517882024	0.22440220723482518	0.069935111751982776	0.096583442838370615	0.11764705882352945	0.12688553682342504	0.21215880893300249	0.065656565656565649	0.11286804798255187	0.12731707317073163	0.08404384896467719	0.1286089238845145	0.22386537480877097	0.23352435530085991	0.10330330330330334	0.074576271186440751	0.20000000000000012	0.14564943253467852	0.0006341154090044387	0.0058479532163742704	Synechococcus	Bacteria;Cyanobacteria;Cyanobacteria;SubsectionI;FamilyI;Synechococcus;	AY151246.1.1.1546~1 AY151240.1.1.1552~1 AY224200.1.1.1563~1 AY151250.1.1.1553~1 AY151244.2.1.1563~1 HQ433561.1.1.1530~1 AY151242.1.1.1553~1 AY151241.1.1.1553~1 HM129931.1.1.1405~0.997361 HM129713.1.1.1408~0.997361	CTAATCCCTTTCGCTCCCCTAGCTTTCGTCCATGAGCGTCAGTTATGGCCCAGCAGAGCGCCTTCGCCACTGGTGTTCTTCCCGATATCTACGCATTTCACCGCTACACCGGGAATTCCCTCTGCCCCTACCACACTCTAGTCTTACAGTTTCCATCGCCGAAATGGAGTTGAGCTCCACGTTTTAACGACAGACTTGTAAAACCGCCTGCGGACGCTTTACGCCCAATAATTCCGGATAACGCTTGCCACTCCCGTATTACCGCGGCTGCTGGCACGGAATTAGCCGTGGCTTATTCATCAAGTACCGTCAGATCTTCTTCCTTGATAAAAGAGGTTTACAGCCCAGAGGCCTTCATCCCTCACGCGGCGTTGCTCCG
65	27	OTU99_000027	99.00.00	0.0	0.0	0.0	0.0016717748676511558	0.0074626865671641807	0.0095475300954753067	0.0081227436823104755	0.020562028786840304	0.0381622823267877	0.021786064769381754	0.023677395486496507	0.023097826086956531	0.0054347826086956538	0.0088743577767398437	0.045938104448742731	0.078421821724305854	0.022004889975550109	0.013087447947650226	0.0087847730600292828	0.012408347433728144	0.01271860095389506	0.016456390565002747	0.013812154696132594	0.0088616223585548781	0.002168021680216803	0.0014204545454545468	0.0027868091035764052	0.0	0.0028839221341023825	0.0	0.0	0.0	0.0024813895781637708	0.00045913682277318635	0.0	0.0	0.0	0.00065616797900262488	0.0	0.0	0.0	0.0	0.0	0.0	0.0	0.0	Candidatus_Aquiluna	Bacteria;Actinobacteria;Actinobacteria;Micrococcales;Microbacteriaceae;Candidatus Aquiluna;	JN177674.1.1.1482~1 GQ452883.1.1.1482~1 JN177602.1.1.1482~1 GQ347775.1.1.1363~0.997361 DQ015847.1.1.1482~0.997361 GQ259247.1.1.1446~0.997361 DQ015823.1.1.1488~0.994723 DQ015857.1.1.1455~0.994723 GQ167333.1.1.1341~0.994723 HM129408.1.1.1443~0.992084	CTAATCCTGTTCGCTCCCCACGCTTTCGCTCCTCAGCGTCAGTTACAGCCCAGAGATGTGCCTTCGCCATTGGTGTTCCTCCTGATATCTGCGCATTCCACCGCTACACCAGGAATTCCCATCTCCCCTACTGCACTCTAGCCTGCCCGTACCCACTGCAAGTTCGAGGTTGAGCCTCGAAATTTCACAGCAGACGCGACAAACCGCCTACGAGCTCTTTACGCCCAATAATTCCGGACAACGCTTGCACCCTACGTATTACCGCGGCTGCTGGCACGTAGTTAGCCGGTGCTTtttCTGCAGGTACCGTCACTTTCGCTTCTTCCCTGCTAAAAGAGGTTTACAACCCGAAGGCCTTCGTCCCTCACGCGGCGTTGCT
107	69	OTU99_000069	99.00.00	0.0	0.0	0.0	0.0	0.0	0.0	0.0	0.0	0.0	0.0	0.0	0.0	0.0	0.0	0.0	0.0	0.0	0.0	0.0	0.0	0.00052994170641229425	0.0	0.0	0.0	0.015176151761517624	0.040719696969696989	0.013005109150023224	0.012875536480686688	0.012256669069935125	0.011826544021024973	0.0053475935828877037	0.01419698314108252	0.017369727047146399	0.0	0.005997818974918215	0.0039024390243902413	0.0024360535931790489	0.00065616797900262488	0.0025497195308516059	0.0014326647564469933	0.00060060060060060079	0.0013559322033898317	0.0	0.0	0.0	0.0	Planctomycetaceae_uncultured	Bacteria;Planctomycetes;Planctomycetacia;Planctomycetales;Planctomycetaceae;uncultured;	JN868873.1.1.1512~0.976253 HQ661257.1.1.1445~0.976253 FJ437884.1.1.1485~0.976253 JN869008.1.1.1523~0.976253 GU305750.1.1.1488~0.976253 AJ867920.1.1.1402~0.976253 GQ994773.1.1.1457~0.976253 GQ340174.1.1.1390~0.976253 JF830137.1.1.1485~0.976253 JN868990.1.1.1501~0.976253	CTAATCCCGTTTGCTCCCCTGGCTTTCGCGTCTCAGCGTCAGTATGGGGCCAGAGACTCGCTTTCGCCGCGGGCGTTCCTTCCGATCTCAACGCATTTCACCGCTCCACCGGAAGTTCCAGTCTCCCCTACCCACCTCAAGACTACTCGTATCGGTGCCTGTTCCCCGGTTAAGCCGGgggATTTCAACAACCGACGTGGCAGTCCGCCTACACGCGCTTTAAGCCCAGTAATTCCGAATAACGTTCGCTTGGTTCGTCTTACCGCGGCTGCTGGCACGAACTTAGCCCAAGCTTCTTCCTAGAATAGGTCAAGAACTGCTCTTCACAGTCCCTTCCTCCTCTACGAAAGAGGTTTACAACCCGAAGGCCTTCAATCCC
86	50	OTU99_000050	99.00.00	0.045081967213114783	0.10282021151586367	0.015960374243258118	0.014767344664251877	0.0	0.0	0.00045126353790613742	0.0	0.0	0.0	0.0	0.0	0.00045289855072463785	0.0014012143858010281	0.0	0.00048709206039941524	0.0	0.0	0.0	0.0	0.0	0.0	0.0	0.0	0.0	0.0	0.0	0.0	0.0	0.0	0.0	0.0	0.0	0.0	0.0	0.0	0.0	0.0	0.0	0.0	0.0	0.0	0.0	0.0	0.0	0.0	Chloroplast	Bacteria;Cyanobacteria;Chloroplast;	FJ546712.1.1.1407~0.986807 FJ002219.1.1.1431~0.986807 HM057783.1.1.1469~0.986807 JN977301.1.1.1476~0.986807 FN396752.1.1.1365~0.984169 FJ873347.1.1.1335~0.984169 JF495299.1.1.1466~0.984169 GQ472819.1.1.1450~0.984169 FN396674.1.1.1363~0.984169 JF495306.1.1.1459~0.984169	CTAATCCCATTTGCTACCCTAGCTTTCGTCTCTGAGTGTCAGTAATAGCCCAGTAAAGTGCCTTCGCCATCGGTGTTCTTTCCAATATCTACGCATTTCACCGCTCCACTGGAAATTCCCTTTACCCCTACTATACTCTAGTCAAACAGTTTCGACTGCGATTTTGAAGTTGAGCCTCAAGATTTAACAGTTGACTTGTTTAACAACCTACAGACGCTTTACGCCCAGTGATTCCGGATAACACTTGCATCCTCCGTCTTACCGCGGCTGCTGGCACGGAGTTAGCCGATGCTTATTCTTCAGGTACACGTCATTGAATTCCTCCCTGAAaaaaGAAGTTTACAACCCATAGGCCGTCTTCCTTCACGCGGTATTGCTC
57	48	OTU99_000048	99.00.00	0.0016393442622950833	0.0011750881316098707	0.0	0.0019504040122596818	0.0067842605156038021	0.007887090078870904	0.0045126353790613744	0.0089102124742974666	0.01667284179325676	0.0064769381746810611	0.0092489826119126987	0.0067934782608695694	0.0031702898550724653	0.0051377860812704358	0.014023210831721467	0.024841695080370173	0.01564792176039119	0.032718619869125568	0.029770619814543681	0.036097010716300053	0.036036036036036015	0.037849698299506317	0.016574585635359115	0.027266530334015011	0.010840108401084014	0.011363636363636373	0.015791918253599629	0.025751072961373384	0.020908435472242273	0.0032851511169513813	0.0026737967914438518	0.0062111801242236038	0.0012406947890818854	0.0059687786960514241	0.0	0.0029268292682926816	0.003654080389768573	0.0085301837270341241	0.0050994390617032119	0.0039398280802292315	0.0048048048048048063	0.002033898305084748	0.0011235955056179781	0.0	0.0012682308180088774	0.0015948963317384372	hgcI_clade	Bacteria;Actinobacteria;Actinobacteria;Frankiales;Sporichthyaceae;hgcI clade;	HM129237.1.1.1438~1 HM128781.1.1.1435~1 JF429364.1.1.1476~1 HM130010.1.1.1436~1 JF429290.1.1.1476~1 JF429363.1.1.1476~1 JN656914.1.1.1475~1 JN869234.1.1.1505~1 JN656828.1.1.1474~1 HM363236.1.1.1474~1	CTAATCCTGTTCGCTCCCCACGCTTTCGCTCCTCAGTGTCAGTATTGGCCCAGAGACCTGCCTTCGCCATCGGTGTTCCTCCTGATATCTGCGCATTCCACCGCTACACCAGGAATTCCAGTCTCCCCTACCAAACTCTAGCTCGACCGTATCGGATGCAGGTCAGGGGTTGAGCCCCTGATTTTCACATCCGACGTATCGAACCACCTACGAGCTCTTTACGCCCAATAATTCCGGACAACGCTTGCACCCTATGTATTACCGCGGCTGCTGGCACATAGTTAGCCGGTGCTTCTTCTGTAGGTACCGTCACTTTCGCTTCTTCCCTACTGAAAGAGGTTTACAACCCGAAGGCCTTCATCCCTCACGCGGCGTCGCT
12	92	OTU99_000092	99.00.00	0.0016393442622950833	0.0017626321974148059	0.0016510731975784259	0.0016717748676511558	0.0067842605156038021	0.00083022000830220062	0.0013537906137184124	0.0	0.0029640607632456461	0.0013738959764474977	0.0022197558268590473	0.0009057971014492757	0.0	0.00046707146193367588	0.0014506769825918756	0.0	0.00048899755501222468	0.0011897679952409298	0.001952171791117618	0.0022560631697687533	0.0	0.0010970927043335165	0.0020718232044198894	0.0020449897750511258	0.0016260162601626023	0.0028409090909090936	0.0027868091035764052	0.00429184549356223	0.0028839221341023825	0.0065703022339027627	0.0080213903743315551	0.015084294587400177	0.016129032258064512	0.0045913682277318639	0.0098146128680479897	0.011219512195121942	0.014616321559074295	0.019685039370078747	0.016828148903620593	0.010744985673352449	0.012012012012012017	0.0074576271186440743	0.0044943820224719131	0.0050441361916771796	0.0	0.0015948963317384372	hgcI_clade	Bacteria;Actinobacteria;Actinobacteria;Frankiales;Sporichthyaceae;hgcI clade;	HM129410.1.1.1441~1 FJ916096.1.1.1510~1 JN868769.1.1.1511~1 HM129381.1.1.1442~1 JN868740.1.1.1511~1 JN868779.1.1.1511~1 JN869033.1.1.1511~1 JN869036.1.1.1511~1 JN868961.1.1.1511~1 HM856459.1.1.1441~1	CTAATCCTGTTTGCTCCCCACGCTTTCGTTCCTCAGCGTCAGGATCGGCCCAGAGACCTGCCTTCGCCATTGGTGTTCTTTCTGATATCTGCGCATTCCACCGCTACACCAGAAGTTCCAGTCTCCCCTGCCGTCCTCGAGTCTTCCCGTATCGAATGCAGGCTCAGGGTTGAGCCCTGAGTTTTCACATCCGACGCGAAaaaCCGCCTACGAACTCTTTACGCCCAATAAATCCGGACAACGCTTGCACCCTATGTATTACCGCGGCTGCTGGCACATAGTTAGCCGGTGCTTCTTCTGCAGGTACCGTCACTTTCGCTTCGTCCCTGCTGAAAGAGGTTTACAATCCGAAGACCTTCGTCCCTCACGAGGCGTCGCT
66	113	OTU99_000113	99.00.00	0.0	0.0	0.00055035773252614219	0.0	0.00067842605156038019	0.00041511000415110031	0.0	0.0013708019191226871	0.0018525379770285291	0.00098135426889106982	0.00073991860895301583	0.0	0.0	0.00046707146193367588	0.0	0.0014612761811982453	0.0029339853300733481	0.0077334919690660421	0.0014641288433382138	0.0033840947546531297	0.001589825119236883	0.0038398244651673082	0.0	0.010906612133606001	0.0081300813008130125	0.010890151515151519	0.0092893636785880158	0.015941140404659711	0.022350396539293462	0.00919842312746387	0.0093582887700534804	0.0062111801242236038	0.0062034739454094288	0.0045913682277318639	0.0043620501635768839	0.0043902439024390222	0.0073081607795371459	0.0013123359580052498	0.0025497195308516059	0.0035816618911174835	0.0030030030030030043	0.0013559322033898317	0.0	0.0012610340479192943	0.0	0.0	Candidatus_Planktophila	Bacteria;Actinobacteria;Actinobacteria;Frankiales;Sporichthyaceae;Candidatus Planktophila;	HM129842.1.1.1438~1 HM129062.1.1.1436~1 HM128589.1.1.1437~1 HM128506.1.1.1437~1 HM128780.1.1.1437~1 HM128829.1.1.1436~1 JN868806.1.1.1507~1 JQ327994.1.1.1506~1 JN868730.1.1.1507~1 HM129945.1.1.1439~1	CTAATCCTGTTCGCTCCCCACGCTTTCGCTCCTCAGTGTCAGTATTGGCCCAGAGACCTGCCTTCGCCATCGGTGTTCCTCCTGATATCTGCGCATTCCACCGCTACACCAGGAATTCCAGTCTCCCCTACCAAACTCCAGCTTGACCGTATCGAATGCAGGTCAGGGGTTGAGCCCCTGAATTTCACACCCGACGTATCAAACCACCTACGAGCTCTTTACGCCCAATAATTCCGGACAACGCTTGCACCCTATGTATTACCGCGGCTGCTGGCACATAGTTAGCCGGTGCTTCTTCTGTAGGTACCGTCACTTTCGCTTCTTCCCTACTGAAAGCGGTTTACAACCCGAAGGCCTTCATCCCGCACGCGGCGTCGCT
25	40	OTU99_000040	99.00.00	0.0	0.0	0.002751788662630711	0.0	0.0	0.0	0.0	0.0	0.0	0.0	0.0	0.0	0.0	0.0	0.0	0.0	0.0	0.0	0.0	0.0	0.0	0.0	0.0	0.0081799591002045032	0.0010840108401084015	0.0037878787878787906	0.0	0.0	0.011535688536409532	0.032851511169513813	0.030748663101604297	0.0896184560780834	0.050868486352357307	0.019742883379247015	0.021264994547437306	0.022926829268292669	0.017052375152253343	0.0091863517060367487	0.009178990311065777	0.011103151862464198	0.0042042042042042061	0.0	0.0	0.0	0.0	0.00053163211057947904	Synechococcus	Bacteria;Cyanobacteria;Cyanobacteria;SubsectionI;FamilyI;Synechococcus;	AB610886.1.1.1478~0.994723 JN233000.1.1.1407~0.994723 AB610885.1.1.1478~0.994723 FJ937860.1.1.1342~0.992084 FJ937858.1.1.1343~0.992084 AB610889.1.1.1478~0.992084 AB058226.1.1.1256~0.992084 FJ820438.1.1.1448~0.989446 FJ820461.1.1.1447~0.989446 AB610893.1.1.1478~0.989446	CTAATCCCTTTCGCTCCCCTGGCTTTCGTCCATGAGCGTCAGTTATGGCCCAGCAGAGCGCCTTCGCCACTGGTGTTCTTCCCGATATCTACGCATTTCACCGCTACACCGGGAATTCCCTCTGCCCCTACCACACTCTAGTCTTGCAGTTTCCATTGCTGAAATGGAGTTAAGCTCCACGCTTTAACAACAGACTTACAAAACCGCCTGCGGACGCTTTACGCCCAATAATTCCGGATAACGCTTGCCACTCCCGTATTACCGCGGCTGCTGGCACGGAATTAGCCGTGGCTTATTCATCAAGTACCGTCAGATCTTCTTCCTTGATAAAAGAGGTTTACAGCCCAGAGGCCTTCATCCCTCACGCGGCGTTGCTCCG
178	0	OTU99_000000	99.00.00	0.00081967213114754152	0.0011750881316098707	0.0	0.00027862914460852591	0.0	0.0	0.0	0.0	0.0	0.0	0.0	0.0	0.0	0.0	0.0	0.0	0.0	0.0	0.0	0.0	0.0	0.0	0.0	0.0	0.0	0.0	0.0	0.0	0.0	0.0	0.0	0.0	0.0	0.0	0.0	0.0	0.0012180267965895245	0.0	0.0	0.0	0.0012012012012012016	0.0	0.0	0.0	0.67913760304375392	0.0090377458798511449	Sulfurimonas	Bacteria;Proteobacteria;Epsilonproteobacteria;Campylobacterales;Helicobacteraceae;Sulfurimonas;	EF405798.1.1.1396~1 AJ810529.1.1.1422~1 EF405797.1.1.1404~0.997361 HM141282.1.1.1390~0.989446 FJ717062.1.1.1514~0.986807 FJ717054.1.1.1514~0.986807 FJ717038.1.1.1514~0.986807 FJ717120.1.1.1508~0.986807 FJ717018.1.1.1514~0.986807 FJ717108.1.1.1514~0.986807	CTAATCCTGTTTGCTCCCCACGCTTTCACGCCTTAGCGTCAGTTATGTTCCAGGAGATCGCCTTCGCTTTCGGTATTCCTAGTGATATCTACGGATTTTACCCCTACACCACTAATTCCATCTCCcccTCCCATACTCTAGGTTGCCAGTTTCAAATGCAGTTCAATGGTTGAGCCATTGGATTTCACATCTGACTTGACATCCCGCCTACGCGTCCTTTACGCCCAGTGATTCCGAGTAACGCTTGCACCCTCCGTATTACCGCGGCTGCTGGCACGGAGTTAGCCGGTGCTTATTCATGAGCTACCGTCATTTTCTTGACTCATAAAAGGAGTTTACacacCGAAATGCGTCATCCTCCACGCGGCGTTGCTGCATC
27	44	OTU99_000044	99.00.00	0.030327868852459038	0.016451233842538195	0.036873968079251522	0.015045973808860399	0.010854816824966083	0.01079286010792861	0.0076714801444043371	0.004112405757368061	0.0074101519081141163	0.030225711481844952	0.014798372179060318	0.0090579710144927557	0.0072463768115942056	0.029425502101821585	0.001934235976789167	0.00048709206039941524	0.0	0.0005948839976204648	0.00048804294777940455	0.0	0.0	0.00054854635216675823	0.0006906077348066297	0.0	0.0043360433604336061	0.0071022727272727314	0.0027868091035764052	0.0018393623543838126	0.023792357606344662	0.00919842312746387	0.016934046345811062	0.0088731144631765749	0.0049627791563275417	0.027548209366391178	0.01090512540894221	0.0092682926829268236	0.0048721071863580979	0.0091863517060367487	0.009178990311065777	0.013610315186246436	0.025825825825825835	0.02305084745762714	0.013483146067415739	0.017023959646910478	0.0012682308180088774	0.033492822966507178	NS9_marine_group	Bacteria;Bacteroidetes;Flavobacteria;Flavobacteriales;NS9 marine group;	HQ671793.1.1.1483~0.996416 GU145411.1.1.1485~0.996416 GU145396.1.1.1473~0.996416 HQ672144.1.1.1483~0.996416 GU145390.1.1.1480~0.996416 GU145430.1.1.1470~0.996416 GU474874.1.407.1850~0.992832 FN433334.1.1.1485~0.992832 AACY020039047.1.1.1478~0.992832 HQ671834.1.1.1483~0.992832	CTAATCCTGTTTGCTCCCCATGCTTTCGTTCATGAGCGTCAGTAATAGTTTAGTGAGCTGCCTTCGCAATTGGTGTTCCATGTCATATCTATGCATTTCACCGCTACATGACATATTCCGCCCACTTCATCTACACTCAAGAATATCAGTATCAGTGGCAGTTCTATAGTTGAGCTATAGGCTTTCACCACTGACTTAAAATTCCGCCTGCGAACCCTTTAAACCTAATAAATCCGGATAACGCTTGCACCCTCCGTATTACCGCGGCTGCTGGCACGG
46	63	OTU99_000063	99.00.00	0.0	0.0	0.0	0.0	0.0013568521031207608	0.0	0.0	0.0	0.0	0.0	0.0	0.0	0.0	0.0	0.0	0.0	0.0	0.0005948839976204648	0.00097608589555880899	0.0039481105470953182	0.004239533651298354	0.0049369171695008256	0.0013812154696132596	0.0061349693251533761	0.015176151761517624	0.036931818181818211	0.017649790989317234	0.010423053341508275	0.017303532804614299	0.0059132720105124865	0.0031194295900178262	0.0070984915705412602	0.0024813895781637708	0.0041322314049586769	0.002726281352235552	0.0034146341463414612	0.0	0.0039370078740157497	0.0030596634370219258	0.0	0.0030030030030030043	0.0027118644067796634	0.010112359550561804	0.00063051702395964745	0.0	0.00053163211057947904	NS11-12_marine_group	Bacteria;Bacteroidetes;Sphingobacteriia;Sphingobacteriales;NS11-12 marine group;	HM127557.1.1.1452~1 HM127630.1.1.1452~1 HM129668.1.1.1452~1 HM129305.1.1.1452~1 HM129662.1.1.1453~1 HM129764.1.1.1453~1 HM129893.1.1.1452~1 HM129870.1.1.1453~1 HM127334.1.1.1452~1 HM129576.1.1.1452~1	CTAATCCTGTTCGCTACCCACGCTTTCGTGCCTCAGCGTCAATGTCGACTTAGTAGACTGCCTTCGCAATCGGTGTTCCATAACATATCTAAGCATTTCACCGCTACATGTTATATTCCATCTACCTCAATCGAATTCAAGATACCCAGTTCCAATGGCAGTTTCTCAGTTGAGCTGAgagaTTTCACCACTGGCTTAAGCATCCGCCTACGCACCCTTTAAACCCAGTAAATCCGGACAACGCTTGGATCCTTCGTCTTACCGCGGCTGCTGGCACGAAGTTAGCCGATCCTTATTCGTATGGTACCGTCAGCCCGGAACGCATCCCGGGGTTTCTTCCCATATAAAAGCAGTTTACAACCCAGAGGGCCGTCATCCT
61	19	OTU99_000019	99.00.00	0.0	0.0011750881316098707	0.0022014309301045683	0.0	0.0020352781546811409	0.0	0.0	0.0	0.0	0.0	0.0	0.0	0.0	0.0	0.0	0.0	0.0	0.0	0.0	0.0	0.0	0.0	0.0	0.0027266530334015011	0.068834688346883499	0.015151515151515159	0.023223409196470046	0.045370938074800707	0.014419610670511913	0.0045992115637319341	0.0071301247771836029	0.0026619343389529732	0.0049627791563275417	0.0018365472910927454	0.0054525627044711049	0.0078048780487804826	0.0	0.0045931758530183744	0.010708822029576744	0.010744985673352449	0.0012012012012012016	0.0033898305084745796	0.017977528089887652	0.013240857503152594	0.0	0.0026581605528973955	Planctomycetaceae_uncultured	Bacteria;Planctomycetes;Planctomycetacia;Planctomycetales;Planctomycetaceae;uncultured;	EU703330.1.1.1396~0.98153 HM127827.1.1.1449~0.98153 JN032902.1.1.1445~0.963061 AACY020310490.1.1043.2549~0.960422 FJ744999.1.1.1360~0.957784 FN822184.1.1.1347~0.957784 FJ744857.1.1.1360~0.957784 FJ744786.1.1.1359~0.957784 AB355065.1.1.1488~0.957784 FJ744942.1.1.1361~0.957784	CTAATCCCGTTTGCTACCTTGGCTTTCGTGCCTCAGCGTCAGAAGAGACCCAGTGAGCCGCTTTCGCCACCGGTGTTCCTCAAGATATCAACGCATTTCACCGCTCCACCTTGAGTTCCGCTCACCTCTGTCTCCCTCGAGCACGGTAGTTTTGGGCGCAATTCCTCGGTTGAGCCGAGGGCTTTCACACCCAACTTTCCGCGCAGCCTACGCACCCTTTAAGCCCAATAATTCCGAATAACGTTTGTACGGTTCGTCTTACCGCGGCTGCTGGCACGAACTTAGCCCGTACTTCCTTCTCGAATAGGTCAAACAAAAGGGAGAACCcccTTGCACTTCCTCCTCGTTGACAGCGGTTTACAACCCGAGGGCCTTCATC
135	7	OTU99_000007	99.00.00	0.0098360655737704979	0.0047003525264394819	0.13538800220143099	0.069657286152131487	0.081411126187245622	0.053549190535491939	0.040162454873646232	0.0959561343385881	0.0066691367173027042	0.0049067713444553495	0.00036995930447650792	0.060688405797101469	0.048007246376811606	0.1172349369453527	0.21034816247582194	0.12420847540185088	0.16332518337408305	0.067816775728732986	0.18301610541727675	0.26508742244782851	0.21091679915209308	0.14207350521119039	0.064226519337016563	0.19904567143830959	0.023848238482384841	0.11079545454545464	0.094287041337668354	0.0036787247087676253	0.0057678442682047651	0.0039421813403416571	0.0	0.0017746228926353151	0.0	0.0096418732782369131	0.002726281352235552	0.0068292682926829225	0.003654080389768573	0.019028871391076119	0.0	0.0010744985673352451	0.025225225225225235	0.0061016949152542426	0.0	0.0	0.0	0.0026581605528973955	Chesapeake-Delaware_Bay	Bacteria;Proteobacteria;Alphaproteobacteria;SAR11 clade;Chesapeake-Delaware Bay;	HM129562.1.1.1409~1 HM127858.1.1.1409~1 HM127526.1.1.1408~1 HM129820.1.1.1408~1 HM127427.1.1.1408~1 HM127599.1.1.1408~1 HM127779.1.1.1408~1 HM129665.1.1.1408~1 HM127692.1.1.1407~1 HM130015.1.1.1408~1	CTAATCCTCTTCGCTACCCATACTTTCGTATCTCAGCGTCAGTAATGATCCAGAAAGCCGCCTTCGCAACTGGTGTTCTACATAATATCTACGAATTTCACCTCTACACTATGTATTCCGCTTTCCTCTATCATACTCCAGCTAAATAGTTTTAATTGCAATTCCAAAGTTAAGCTTTGGGCTTTCACAATTAACTTATCTAGCCGCCTACATACTCTTTACGCCCAGTAATTCCGAACTACGCTAGGTCCCTTCGTATTACCGCGGCTGCTGGCACGAAGTTAGCCGGACCTTATTCTTCGGGTACAGTCATTATCTTTCCCGACAAAAGAGCTTTACAACCCAAAGGCCTTCTTCACTCACGCGGCATCGCTGCATC
157	32	OTU99_000032	99.00.00	0.0	0.0011750881316098707	0.06934507429829391	0.035385901365282794	0.016960651289009504	0.022831050228310511	0.020306859205776184	0.032213845099383145	0.0018525379770285291	0.0052993130520117776	0.0018497965223825397	0.019474637681159427	0.015851449275362323	0.056982718355908471	0.05705996131528044	0.035070628348757897	0.024449877750611235	0.010113027959547901	0.023426061493411421	0.03045685279187817	0.026497085320614712	0.017004936917169505	0.016574585635359115	0.035446489434219512	0.01300813008130082	0.032196969696969717	0.026474686483975843	0.0	0.0021629416005767869	0.001314060446780553	0.0035650623885918015	0.0	0.0	0.0059687786960514241	0.0	0.0043902439024390222	0.0024360535931790489	0.005249343832020999	0.0	0.0017908309455587417	0.025225225225225235	0.0081355932203389918	0.0044943820224719131	0.0	0.0	0.0047846889952153117	Surface_1	Bacteria;Proteobacteria;Alphaproteobacteria;SAR11 clade;Surface 1;	JN233223.1.1.1397~1 JN233164.1.1.1397~1 JN591851.1.1.1436~1 JN233408.1.1.1397~1 JN591848.1.1.1436~1 JN591850.1.1.1436~1 JN591847.1.1.1436~1 U13159.1.1.1394~1 JN591849.1.1.1436~1 JN547466.1.1.1432~1	CTAATCCTCTTCGCTACCCATGCTTTCGTTCCTCAGTGTCAGTAATGATCCAGAAAGCTGCCTTCGCAATTGGTATTCTTTCTAATATCTACGAATTTCACCTCTACACTAGAAATTCTGCTTTCCTCTATCATACTCTAGCTGAAAAGTTTTGATGGCAGTTCCAGAGTTAAGCTCTGGGATTTCACCACCAACTTtttCAACCACCTACGAACTCTTTAAGCCCAGTAATTCCGAACTACGCTAGGTCCCTTCGTATTACCGCGGCTGCTGGCACGAAGTTAGCCGGACCTTCTTATTCGGGTACAGTCATTTTCTTCCCCGACGAAAGAGCTTTACAACCCAAAGGCCTTCTTCACTCACGCGGCATCGCTGCATC
175	45	OTU99_000045	99.00.00	0.0	0.0	0.0022014309301045683	0.0	0.0054274084124830415	0.00041511000415110031	0.00090252707581227483	0.0	0.0	0.00019627085377821397	0.0014798372179060317	0.0	0.0	0.0	0.0	0.0	0.0	0.0	0.0	0.0011280315848843767	0.0010598834128245885	0.0	0.0020718232044198894	0.0	0.0032520325203252046	0.0028409090909090936	0.0013934045517882026	0.0012262415695892086	0.0021629416005767869	0.015768725361366628	0.01336898395721926	0.018633540372670808	0.016129032258064512	0.013774104683195591	0.02453653217011997	0.032195121951219499	0.063337393422655278	0.031496062992125998	0.033656297807241185	0.032593123209169093	0.019219219219219225	0.0047457627118644118	0.0078651685393258484	0.010088272383354359	0.0	0.0	CL500-29_marine_group	Bacteria;Actinobacteria;Acidimicrobiia;Acidimicrobiales;Acidimicrobiaceae;CL500-29 marine group;	EF471696.1.1.1463~1 GQ923925.1.1.1382~1 GQ340329.1.1.1381~0.997361 EU703236.1.1.1406~0.994723 GQ340291.1.1.1379~0.986807 EU803309.1.1.1476~0.978892 GQ340235.1.1.1382~0.976253 GQ340194.1.1.1381~0.976253 AACY020487038.1.1.1331~0.973615 AACY020486889.1.1.1395~0.973615	CTAATCCTGTTTGCTCCCCACGCTTTCGCTCCTCAGCGTCAGTATCGGCCCAGAGCGGCGCCTTCGCCACCGGTGTTCCTCCTTATATCTGCGCATTTCACCGCTACACAAGGAATTCCCCGCTCCCCTACCGAACTCTAGTTAAACAGTATCGAGTGGCATCTTTGGGTTAAGCCCAAAGTTTTCACACCCGACTTACTCAACCGCCTACGAGCTCTTTACGCCCAATAAATCCGGACAACGCTTGGAGCCTATGTATCACCGCGGCTGCTGGCACATAGTTGGCCGCTCCTTCTTCTGTGGGTACCGTCAGTTTCGTTCCCACTGAAAGCGGTTTACAGCCCGAAAGCCTTCTTCCCGCACGCGGCGTTGCTGCGTC
158	29	OTU99_000029	99.00.00	0.036885245901639364	0.017626321974148061	0.018161805173362692	0.021454444134856501	0.042062415196743572	0.063511830635118338	0.044223826714801476	0.023303632625085679	0.017784364579473879	0.02767419038272817	0.022937476877543491	0.014492753623188411	0.049365942028985525	0.016814572629612334	0.0014506769825918756	0.0077934729663906447	0.019559902200488987	0.0089232599643069722	0.0029282576866764276	0.0090242526790750132	0.0090090090090090037	0.024136039495337363	0.017265193370165747	0.0013633265167007501	0.00054200542005420076	0.00094696969696969765	0.0	0.0024524831391784171	0.0043258832011535738	0.002628120893561106	0.0026737967914438518	0.0	0.0	0.0078053259871441677	0.002181025081788442	0.0029268292682926816	0.006090133982947621	0.0032808398950131246	0.011218765935747065	0.0017908309455587417	0.014414414414414422	0.0094915254237288235	0.010112359550561804	0.0037831021437578836	0.0076093849080532657	0.0047846889952153117	NS11-12_marine_group	Bacteria;Bacteroidetes;Sphingobacteriia;Sphingobacteriales;NS11-12 marine group;	FN435254.1.1.1524~0.984169 AB476256.1.1.1446~0.984169 GU451479.1.1.1245~0.98153 GQ349699.1.1.1369~0.98153 GQ349610.1.1.1368~0.978892 AM279161.1.8.1482~0.978892 GU230419.1.1.1483~0.973615 AM279197.1.8.1483~0.970976 FR685907.1.1.1485~0.968338 GQ259245.1.1.1449~0.968338	CTAATCCTGTTCGCTCCCCACGCTTTCGTACCTCAGCGTCAATAATGGTTTAGTGATCTGCCTTCGCAATTGGTGTTCTATAACATATCTAAGCATTTCACCGCTACATGTTATATTCCAACCACCTCATCCATATTCAAGAATTTCAGTTTCAATGGCAGTTCTCCAGTTGAGCTGGAGGCTTTCACCACTGACTTAAAATCCCGCCTACGTACCCTTTAAACCCAATAAATCCGGACAACGCTTGGACCCTCCGTATTACCGCGGCTGCTGGCACGGAGTTAGCCGGTCCTTATTCAAATAGTACCGTCAGCTTTCCACACGTGGAAAGGTTTCTTCCTAtataAAAGCAGTTTACAACCCATAGGGCCGTCTTCCT
74	57	OTU99_000057	99.00.00	0.0016393442622950833	0.0023501762632197414	0.0016510731975784259	0.0	0.0013568521031207608	0.00041511000415110031	0.0	0.00068540095956134354	0.00074101519081141152	0.0	0.0	0.0	0.00045289855072463785	0.0	0.0	0.0	0.0	0.0	0.0	0.0045121263395375066	0.0074191838897721199	0.0	0.0020718232044198894	0.0040899795501022516	0.0032520325203252046	0.0075757575757575794	0.0041802136553646075	0.011036174126302877	0.012256669069935125	0.015768725361366628	0.020053475935828884	0.023070097604259102	0.028535980148883377	0.0073461891643709807	0.034351145038167961	0.024878048780487789	0.017052375152253343	0.010498687664041998	0.0086690464048954571	0.0089541547277937061	0.007807807807807811	0.0067796610169491593	0.016853932584269676	0.005674653215636827	0.0	0.0	Candidatus_Methylacidiphilum	Bacteria;Verrucomicrobia;Candidatus Methylacidiphilum;	HM129293.1.1.1449~1 GQ340316.1.1.1399~1 GQ347385.1.1.1388~0.994723 HM856576.1.1.1449~0.994723 HM856376.1.1.1449~0.994723 HM129563.1.1.1449~0.994723 HM856410.1.1.1449~0.994723 HM856577.1.1.1451~0.994723 HM129723.1.1.1449~0.994723 HM856417.1.1.1449~0.994723	CTAATCCCGTTTGCTCCCCTGGCCTTCGTGTTTCAGGGTCAGATTTCGTCTTGAGGGCTGCTTTCGCCGTCGGCGTTCCTCTCGATATCTACGCATTTCACCGCTACACCGAGAATTCCGCCCTCATCTCCGAACCTCCAGCCGAGCAGTATTCGACGCAGTTCCGTTGTTGAGCAACGGGATTTCACGTCAAACTTACCCGACCcccTACacacCCTTTACGCCCAGTAAATCCGAACAACGCTTGGGGCCTCTGTATCACCGCGGCTGCTGGCACAGAGTTAGCCGCCCCTTCCTCTCCGACTACCATCAAGCATCCGATTTATTAATCCGGATGCCTTGTTCGTCGGTGACAGGAGTTTACGAGCCGAAGCCCTTC
51	21	OTU99_000021	99.00.00	0.020491803278688537	0.0082256169212690973	0.025316455696202535	0.01170242407355809	0.027137042062415205	0.040265670402656731	0.056407942238267186	0.0068540095956134348	0.01667284179325676	0.027477919528949953	0.022567517573066982	0.010416666666666673	0.044384057971014509	0.020551144325081743	0.0024177949709864592	0.0019483682415976612	0.00097799511002444914	0.0	0.00048804294777940455	0.0	0.0	0.0010970927043335165	0.0	0.0	0.0	0.0	0.00046446818392940079	0.0	0.0	0.001314060446780553	0.0	0.0	0.0	0.0050505050505050501	0.0	0.0014634146341463408	0.0	0.0	0.0	0.0	0.0030030030030030043	0.0054237288135593267	0.0022471910112359561	0.0012610340479192943	0.0012682308180088774	0.0074428495481127068	Owenweeksia	Bacteria;Bacteroidetes;Flavobacteria;Flavobacteriales;Cryomorphaceae;Owenweeksia;	EU799463.1.1.1486~0.989446 EU799947.1.1.1481~0.989446 EU801476.1.1.1483~0.984169 EU802032.1.1.1395~0.984169 EU801426.1.1.1491~0.984169 EU801489.1.1.1333~0.984169 EU802187.1.1.1480~0.984169 EU802019.1.1.1484~0.984169 FJ744887.1.1.1362~0.984169 EU802016.1.1.1483~0.984169	CTAATCCTGTTCGCTCCCCACGCTTTCGTCCCTCAGCGTCAGTTGTAACATAGTAAGCTGCCTTCGCAATCGGTGTTCTAAGGCATATCTATGCATTTCACCGCTACATGCCTTATTCCGCCTACTTCTACTACACTCAAGGTCTCCAGTATCAATGGCAATTCTACAGTTAAGCTGCAGGCTTTCACCACTGACTTAAAGACCCGCCTACGGACCCTTTAAACCCAATAAATCCGGATAACGCTTGGATCCTCCGTATTACCGCGGCTGCTGGCACGGAGTTAGCCGATCCTTATTCGTACGATACCTTCAGCCTCCCACACGTGGGAGGGTTTATTCTCGTATAAAAGCAGTTTACAACCCATAGGGCCGTCTTCCT
9	47	OTU99_000047	99.00.00	0.0	0.0	0.0	0.0	0.0	0.0	0.0	0.0	0.0	0.0	0.0	0.0	0.0	0.0	0.0	0.0	0.00097799511002444914	0.029149315883402773	0.019521717911176184	0.016920473773265648	0.018018018018018004	0.018102029621503021	0.088397790055248601	0.0	0.0016260162601626023	0.0	0.0023223409196470039	0.0	0.0	0.0	0.0	0.0	0.0	0.0	0.0	0.0	0.0	0.0	0.0	0.0	0.0	0.0	0.0	0.0	0.0	0.0	Anabaena	Bacteria;Cyanobacteria;Cyanobacteria;SubsectionIV;FamilyI;Anabaena;	EF568898.1.1.1388~1 EF568888.1.1.1211~1 EF568887.1.1.1279~1 EF568877.1.1.1270~1 EF568872.1.1.1301~1 EF568892.1.1.1206~1 EF568894.1.1.1301~1 EF568889.1.1.1375~0.997361 EF568890.1.1.1250~0.997361 EF568908.1.1.1555~0.997361	CTAATCCCATTCGCTCCCCTAGCTTTCGTCCCTCAGTGTCAGTTTTGGCCTAGCAGAGCGCCTTCGCCACCGGTGTTCTTCCTGATATCTACGCATTTCACCGCTACACCAGGAATTCCCTCTGCCCCGACCATACTCTAGCTTTGTAGTTTCCAATGCTCTTATTTGGTTGAGCCAAACTCTTTAACAGCAGACTTACAATGCCACCTGCGGACCCTTTACGCCCAATCATTCCGGATAACGCTTGCATCCTCCGTATTACCGCGGCTGCTGGCACGGAGTTAGCCGATGCTTATTCCTCAGGTACCGTCATTtttttCTTCCCTGAGAAAAGAGGTTTACAACCCAAGAGCCTTCCTCCCTCACGCGGTATTGCTCC
109	58	OTU99_000058	99.00.00	0.013114754098360666	0.014101057579318449	0.01871216290588883	0.017275006965728611	0.0081411126187245636	0.0	0.00090252707581227483	0.010966415352981493	0.0051871063356798809	0.0029440628066732095	0.0025897151313355551	0.0018115942028985514	0.0	0.0084072863148061654	0.031431334622823971	0.045299561617145614	0.02493887530562346	0.0029744199881023242	0.0053684724255734489	0.0050761421319796959	0.0074191838897721199	0.0	0.0	0.0	0.0	0.0	0.0018578727357176032	0.0	0.0	0.0	0.0	0.0	0.0	0.0	0.0	0.0	0.0	0.0	0.0025497195308516059	0.0025071633237822382	0.0036036036036036054	0.0040677966101694959	0.011235955056179784	0.010088272383354359	0.0	0.0037214247740563534	Chloroplast	Bacteria;Cyanobacteria;Chloroplast;	GU936921.1.1.1459~1 GU936925.1.1.1459~1 GU936917.1.1.1457~0.994723 JF495289.1.1.1445~0.992084 GU936918.1.1.1458~0.992084 GU936912.1.1.1457~0.992084 GU936914.1.1.1457~0.992084 GU936884.1.1.1457~0.992084 GU936926.1.1.1457~0.992084 GU936930.1.1.1457~0.992084	CTAATCCCTTTCGCTCCCCTAGCTTTCGTCTGTCAGTGTCAGTAATCGGCCCAGCAGAGTGCTTTCGCCTTTGGCCTTCCTCCCGATATCTACGAATTTCACCTCTCCTCCGGGAATTCCCTCTGCCTCTACCGTACTCAAGCTTACAAGTTTCGACTGCCGTTTCAAGGTTGAGCCTTGAGCTTTCACAGTCGACTGGGTAAGCCACCTCAGGACGCTTTACGCCCAATAATTCCGGATAACGCTTGCATCCCCTGTATTACCGCGGCTGCTGGCACAGAGTTAGCCGATGCTTATTCCTCAGATACCGTCAGATCTTCTTCTCTGAGAAAAGGAGTTTACGACCCACAGGCCTTCCTCCTCCACGCGGCATTGCTCC
106	16	OTU99_000016	99.00.00	0.01557377049180329	0.0099882491186839006	0.0033021463951568518	0.0097520200612984075	0.025101763907734075	0.013698630136986313	0.018953068592057778	0.017820424948594933	0.061874768432752858	0.059273797841020624	0.042545320014798424	0.0067934782608695694	0.019021739130434787	0.0051377860812704358	0.0	0.0	0.0	0.0	0.0	0.0	0.0	0.0	0.0	0.0	0.0	0.0	0.0	0.0	0.0	0.0	0.0	0.0	0.0	0.0	0.0	0.00048780487804878011	0.0012180267965895245	0.00065616797900262488	0.0	0.0	0.0024024024024024032	0.0013559322033898317	0.0011235955056179781	0.0	0.0	0.0069112174375332274	Acidimicrobiaceae_uncultured	Bacteria;Actinobacteria;Acidimicrobiia;Acidimicrobiales;Acidimicrobiaceae;uncultured;	AF468234.1.1.1396~1 AF468233.1.1.1410~1 EU919857.1.1.1481~0.997361 GQ350651.1.1.1353~0.997361 EF471635.1.1.1482~0.997361 FR683807.1.1.1480~0.997361 GQ452877.1.1.1481~0.997361 JN177642.1.1.1481~0.997361 GQ347848.1.1.1362~0.997361 JN591933.1.1.1481~0.997361	CTAATCCTGTTTGCTACCCATGCTTTCGCTCCTCAGCGTCAGTTACGGCCCAGAGCGGCGCCTTCGCCGCTGGTGTTCCTCCTGATATCTGCGCATTTCACCGCTACACCAGGAATTCCCCGCTCCCCTACCGTACTCTAGTCATAGCAGTATCGAGTGGCCTctctGGGTTGAGCCCAGAGTTTTCACACCCGACTTACCAAACCGCCTACGAGCTCTTTACGCCCAATAAATCCGGATAACGCTTGGTGCCTACGTGTCACCGCGGCTGCTGGCACGTAGTTGGCCGCACCTTCTTCTGGAGGTACCGTCATTTTCTTCCCTCCTGAAAGCGGTTTACAACCCTAAGGCCTTCTTCCCGCACGCGGCATCGCTGCAT
128	83	OTU99_000083	99.00.00	0.0	0.0	0.0	0.0	0.0020352781546811409	0.00041511000415110031	0.0	0.0	0.0	0.0	0.0	0.0	0.0	0.0	0.0	0.0	0.001466992665036674	0.0071386079714455784	0.0063445583211322589	0.018612521150592216	0.011658717541070474	0.0060340098738343407	0.011049723756906075	0.014996591683708255	0.0097560975609756132	0.010890151515151519	0.0074314909428704126	0.010423053341508275	0.0079307858687815511	0.018396846254927737	0.015151515151515157	0.015084294587400177	0.016129032258064512	0.0064279155188246085	0.017448200654307536	0.021463414634146329	0.023142509135200967	0.011811023622047249	0.014788373278939311	0.019340974212034408	0.0030030030030030043	0.023728813559322059	0.014606741573033719	0.0031525851197982359	0.0	0.0	CL500-29_marine_group	Bacteria;Actinobacteria;Acidimicrobiia;Acidimicrobiales;Acidimicrobiaceae;CL500-29 marine group;	EU234292.1.1.1504~1 EU234298.1.1.1510~1 GQ387490.1.12947.14448~1 HM129704.1.1.1444~1 EU234294.1.1.1502~1 EU800362.1.1.1247~1 AJ575506.1.1.1480~1 HM856561.1.1.1444~0.997361 HM129651.1.1.1444~0.997361 EU234309.1.1.1513~0.997361	CTAATCCTGTTTGCTACCCATGCTTTCGCTCCTCAGCGTCAGTTTCAGTCCAGAGCGGCGCCTTCGCCACCGGTGTTCCTCCTAATATCTGCGCATTTCACCGCTACACTAGGAATTCCCCGCTCCCCTCCTGAACTCAAGTCATAGCAGTATCGGATGGCGTCTCCGGGTTAAGCCCAGAGTTTTCACACCCGACTTACTAAACCGCCTACGAGCTCTTTACGCCCAATAAATCCGGACAACGCTTGGAGCCTACGTGTCACCGCGGCTGCTGGCACGTAGTTGGCCGCTCCTTCTTCTGCAGGTACCGTCATTTTCGTTCCTGCTGAAAGCGGTTTACAGCCCGAAGGCCTTCATCCCGCACGCGGCGTTGCTGCGT
159	52	OTU99_000052	99.00.00	0.0016393442622950833	0.0	0.0	0.000835887433825578	0.0020352781546811409	0.0	0.0	0.0	0.0	0.00078508341511285588	0.0011098779134295236	0.0	0.00045289855072463785	0.0014012143858010281	0.0	0.0024354603019970766	0.0029339853300733481	0.0059488399762046484	0.010736944851146898	0.021996615905245348	0.023317435082140948	0.017004936917169505	0.029005524861878452	0.038854805725971393	0.026016260162601636	0.025094696969696982	0.020901068276823039	0.039239730226854674	0.013698630136986316	0.04270696452036795	0.037433155080213922	0.025732031943212066	0.035980148883374689	0.014233241505968778	0.041984732824427502	0.028780487804878029	0.02801461632155906	0.032152230971128619	0.021927587965323809	0.027936962750716367	0.013213213213213219	0.016271186440677984	0.014606741573033719	0.015762925598991184	0.0	0.0010632642211589581	CL500-29_marine_group	Bacteria;Actinobacteria;Acidimicrobiia;Acidimicrobiales;Acidimicrobiaceae;CL500-29 marine group;	EU802115.1.1.1482~1 EU802061.1.1.1487~1 GU305711.1.1.1487~1 EU802215.1.1.1473~1 GQ387491.1.21030.22531~1 GU305709.1.1.1484~1 HM129853.1.1.1444~1 HM129855.1.1.1444~1 GU305799.1.1.1487~1 FJ612250.1.1.1473~1	CTAATCCTGTTTGCTACCCATGCTTTCGCTCCTCAGCGTCAGTTTCAGTCCAGAGTGGCGCCTTCGCCACCGGTGTTCCTCCTAATATCTGCGCATTTCACCGCTACACTAGGAATTCCCCACTCCCCTCCTGAACTCTAGTCAGAGCAGTATCGGATGGCGTCTCCGGGTTAAGCCCAGAGTTTTCACACCCGACTTACTCAACCGCCTACGAGCTCTTTACGCCCAATAAATCCGGACAACGCTTGGAGCCTACGTGTCACCGCGGCTGCTGGCACGTAGTTGGCCGCTCCTTCTTCTGCAGGTACCGTCATTTTCGTTCCTGCTGAAAGCGGTTTAC
75	35	OTU99_000035	99.00.00	0.0057377049180327901	0.0047003525264394819	0.0055035773252614219	0.0025076623014767328	0.0061058344640434218	0.0016604400166044015	0.0094765342960288854	0.015764222069910901	0.012597258243793997	0.025515210991167818	0.028116907140214604	0.0081521739130434815	0.0045289855072463778	0.048575432041102297	0.004352030947775626	0.0048709206039941532	0.0053789731051344719	0.0011897679952409298	0.0	0.0	0.002119766825649177	0.0021941854086670329	0.0013812154696132596	0.0	0.0	0.0	0.0	0.0	0.0014419610670511913	0.00065703022339027651	0.0	0.0	0.0	0.028925619834710738	0.002726281352235552	0.0058536585365853632	0.0	0.0	0.0	0.0	0.010810810810810813	0.0047457627118644118	0.0044943820224719131	0.0018915510718789418	0.0019023462270133164	0.015948963317384372	Micrococcales	Bacteria;Actinobacteria;Actinobacteria;Micrococcales;	FR685440.1.1.1465~0.997361 EU799268.1.1.1485~0.997361 GQ347804.1.1.1366~0.997361 EF471631.1.1.1485~0.997361 EU795160.1.22760.24262~0.997361 GQ347953.1.1.1367~0.997361 GQ347778.1.1.1366~0.997361 EF659448.1.1.1435~0.997361 GQ349408.1.1.1365~0.994723 FR686263.1.1.1483~0.994723	CTAATCCTGTTCGCTCCCCACGCTTTCGCTCCTCAGCGTCAGTTACGGCCCAGAGATCTGCCTTCGCCATTGGTGTTCCTCCTGATATCTGCGCATTCCACCGCTACACCAGGAATTCCAATCTCCCCTACCGCACTCTAGTTTGCCCGTACCCACTGCAGGTCCGAGGTTGAGCCTCGGATTTTCACAGCAGACGCGACAAACCGCCTACGAGCTCTTTACGCCCAATAATTCCGGACAACGCTTGCGCCCTACGTATTACCGCGGCTGCTGGCACGTAGTTAGCCGGCGCTTtttCTGCAGGTACCGTCACTTTCGCTTCTTCCCTGCTAAAAGAGGTTTACAACCCGAAGGCCTTCGTCCCTCACGCGGCGTCGCT
70	51	OTU99_000051	99.00.00	0.0016393442622950833	0.0	0.002751788662630711	0.0030649205906937852	0.0061058344640434218	0.0091324200913242073	0.0045126353790613744	0.01028101439342015	0.017413856984068173	0.014524043179587833	0.012948575656677778	0.0031702898550724653	0.0	0.0028024287716020562	0.018858800773694378	0.025328787140769596	0.022982885085574559	0.033908387864366493	0.01805758906783797	0.020304568527918787	0.019607843137254888	0.019747668678003299	0.019337016574585635	0.017723244717109756	0.003794037940379406	0.0071022727272727314	0.014862981885740825	0.016554261189454317	0.014419610670511913	0.0	0.0049019607843137272	0.015084294587400177	0.0062034739454094288	0.0050505050505050501	0.0054525627044711049	0.0048780487804878014	0.0073081607795371459	0.010498687664041998	0.010198878123406424	0.0057306590257879732	0.0066066066066066097	0.0067796610169491593	0.0044943820224719131	0.0050441361916771796	0.0031705770450221938	0.0010632642211589581	Bacteria	Bacteria;	EU800867.1.1.1472~1 EF471660.1.1.1470~1 JN656826.1.1.1476~1 EU117669.1.1.1508~1 EU117976.1.1.1508~0.997361 EU117623.1.1.1508~0.997361 EU802106.1.1.1479~0.997361 EU117620.1.1.1508~0.997361 EU801985.1.1.1479~0.997361 EU801218.1.1.1479~0.997361	CTAATCCTGTTCGCTCCCCACGCTTTCGTTCCTCAGTGTCAGTATTGGCCCAGAGACCTGCCTTCGCCATTGGTGTTCCTCCTGATATCTGCGCATTCCACCGCTACACCAGGAATTCCAGTCTCCCCTACCAAACTCTAGCTCGCCCGTATCGAATGCAGGTCTGGGGTTGAGCCCCAGATTTTCACATCCGACGTAACGAACCACCTACGAACTCTTTACGCCCAATAATTCCGGACAACGCTTGCACCCTATGTATTACCGCGGCTGCTGGCACATAGTTAGCCGGTGCTTCTTTTGCAGGTACCGTCACTTTCGCTTCTTCCCTGCTGAAAGCGGTTTACAACCCGAAGGCCTTCATCCCGCACGCGGCGTCGCT
0	11	OTU99_000011	99.00.00	0.063114754098360704	0.026439482961222095	0.033021463951568533	0.04067985511284479	0.041383989145183195	0.078455790784557944	0.052346570397111949	0.074708704592186453	0.05446461652463875	0.065358194308145254	0.050684424713281585	0.020380434782608703	0.05932971014492755	0.032695002335357326	0.095744680851063788	0.099853872381880121	0.025916870415647907	0.03926234384295068	0.028794533918984868	0.017484489565707841	0.021197668256491772	0.018102029621503021	0.012430939226519335	0.010906612133606001	0.0065040650406504091	0.0061553030303030352	0.0088248954946586172	0.0	0.0036049026676279782	0.0032851511169513813	0.0022281639928698762	0.0026619343389529732	0.0	0.0059687786960514241	0.0	0.0029268292682926816	0.0024360535931790489	0.0045931758530183744	0.00050994390617032108	0.0010744985673352451	0.019219219219219225	0.010169491525423738	0.011235955056179784	0.015762925598991184	0.0012682308180088774	0.013822434875066453	Alphaproteobacteria	Bacteria;Proteobacteria;Alphaproteobacteria;	EF471651.1.1.1421~0.994723 EU979474.1.1.1429~0.994723 EU979477.1.1.1429~0.994723 CU919292.1.1.1306~0.992084 FM201089.1.1.1328~0.992084 HM128793.1.1.1385~0.992084 GU061142.1.1.1323~0.992084 GU061156.1.1.1318~0.992084 EF471652.1.1.1427~0.992084 FR774602.2.1.1325~0.989446	CTAATCCTGTTTGCTCCCCACGCTTTCGCACCTCAGCGTCAGTATCGAGCCAGTGAGCCGCCTTCGCCACTGGTGTTCCTCCGAATATCTACGAATTTCACCTCTACACTCGGAATTCCACTCACCTctctcGAACTCAAGACTAGAAGTTTCAAAGGCAGTTCCAAGGTTGAGCCCTGGGATTTCACCTCTGACTTTCTAATCCGCCTACGTGCGCTTTACGCCCAGTAATTCCGAATAACGCTAGCCcccTCCGTATTACCGCGGCTGCTGGCACGGAGTTAGCCGGGGCTTCTTCTGTTGGTACCGTCATTATCTTCCCAACTGAAAGATCTTTACAACCCTAAGGCCTTCATCGATCACGCGGCATGGCTAGATC
100	80	OTU99_000080	99.00.00	0.0024590163934426245	0.0	0.0033021463951568518	0.0061298411813875721	0.0047489823609226612	0.002490660024906602	0.0049638989169675128	0.0047978067169294047	0.0011115227862171174	0.00078508341511285588	0.0	0.0	0.0036231884057971028	0.0	0.003868471953578334	0.002922552362396491	0.0039119804400977974	0.0035693039857227896	0.010736944851146898	0.010152284263959392	0.016958134605193416	0.0093252879868348897	0.011049723756906075	0.010224948875255629	0.0016260162601626023	0.026041666666666682	0.017185322805387829	0.0	0.0	0.0	0.00089126559714795036	0.00088731144631765753	0.0	0.0009182736455463727	0.0	0.00097560975609756022	0.0	0.0019685039370078749	0.0	0.0	0.0024024024024024032	0.00067796610169491584	0.0	0.0	0.0	0.00053163211057947904	SAR11_clade	Bacteria;Proteobacteria;Alphaproteobacteria;SAR11 clade;	EU802171.1.1.1446~1 EU802224.1.1.1437~1 GU230199.1.1.1443~1 EU802244.1.1.1449~1 EU802218.1.1.1447~1 GU230195.1.1.1444~1 GU230196.1.1.1444~1 HQ692004.1.1.1336~1 GU230198.1.1.1443~1 EU802208.1.1.1211~1	CTAATCCTCTTCGCTACCCATGCTTTCGTTCCTCAGTGTCAGTAATGATCCAGAAAGTTGCCTTCGCTTTTGATGTTCTTTCTAATATCTACGAATTTCACCTCTACACTAGAAATTCCACTTTCCTCTATCACACTCTAGCTAAaaaGTTTTGATGGCAGTTCCAAGGTTGAGCCTTGGGATTTCACCATCAACTTttttAACCACCTACGAACTCTTTAAGCCCAGTAATTCCGAACTACGCTAGGTCCCTTCGTATTACCGCGGCTGCTGGCACGAAGTTAGCCGGACCTTCTTATTCGGGTACAGTCATTTTCTTCCCCGACGAAAGAGTTTTACAACCCAAGGGCCTTCTTCACTCACGCGGCATCGCTGCATC
82	17	OTU99_000017	99.00.00	0.00081967213114754152	0.0	0.0	0.0011145165784341036	0.010854816824966083	0.0037359900373599019	0.0018050541516245497	0.0	0.0044460911448684698	0.0098135426889106991	0.0036995930447650794	0.084692028985507276	0.0040760869565217408	0.020551144325081743	0.001934235976789167	0.0014612761811982453	0.0	0.0017846519928613948	0.0029282576866764276	0.0011280315848843767	0.0037095919448860604	0.0016456390565002749	0.0	0.0040899795501022516	0.0	0.00094696969696969765	0.0	0.00061312078479460429	0.0014419610670511913	0.0	0.0	0.0017746228926353151	0.0	0.0082644628099173556	0.002181025081788442	0.00097560975609756022	0.0	0.0019685039370078749	0.0010198878123406422	0.0028653295128939866	0.014414414414414422	0.012203389830508485	0.0022471910112359561	0.0	0.0	0.0	Flavobacteriaceae	Bacteria;Bacteroidetes;Flavobacteria;Flavobacteriales;Flavobacteriaceae;	FJ425213.1.1.1434~0.994723 HM127504.1.1.1438~0.976253 EU703318.1.1.1392~0.973615 EU703307.1.1.1383~0.973615 FJ959644.1.1.1392~0.963061 HQ730053.1.1.1356~0.963061 HQ730046.1.1.1351~0.957784 GU202006.1.1.1480~0.957784 FJ959615.1.1.1391~0.955145 HM010403.1.1.1495~0.955145	CTAATCCTGTTCGCTCCCCACGCTTTCGTCCATGAGCGTCAGTACATACGTAGTAGACTGCCTTCGCAATCGGTATTCTGTGTAATATCTAAGCATTTCACCGCTACACTACACATTCTATCTACTTCCATATGACTCAAGTCAACCAGTATCAAAGGCAGTTCAATCGTTAAGCGACTGGATTTCACCTCTGACTTAATTAACCGCCTGCGGACCCTTTAAACCCAATGATTCCGGATAACGCTTGCACCCTCCGTATTACCGCGGCTGCTGGCACGGAGTTAGCCGGTGCTTATTCATACAGTACCGTCAAGTCTCTACACGTAGagagGTTTCTTCCTGTATAAAAGCAGTTTACAATCCATAGGACCTTATTCCT
161	1	OTU99_000001	99.00.00	0.1614754098360657	0.21092831962397179	0.06824435883324162	0.07801616049038726	0.02306648575305292	0.058530510585305139	0.046480144404332166	0.039067854694996587	0.013708781030011115	0.019038272816486755	0.0029596744358120633	0.0063405797101449305	0.080615942028985518	0.067258290518449323	0.060444874274661484	0.037993180711154387	0.0058679706601466961	0.049375371802498583	0.031722791605661299	0.0	0.0	0.0021941854086670329	0.0075966850828729287	0.0013633265167007501	0.003794037940379406	0.0	0.003251277287505806	0.0024524831391784171	0.0028839221341023825	0.0039421813403416571	0.0062388591800356524	0.00088731144631765753	0.0	0.034435261707988975	0.002726281352235552	0.0053658536585365823	0.003654080389768573	0.0026246719160104995	0.0	0.0010744985673352451	0.033033033033033052	0.077288135593220411	0.034831460674157329	0.055485498108448959	0.0006341154090044387	0.45082402977139824	Chloroplast	Bacteria;Cyanobacteria;Chloroplast;	EU394561.1.1.1454~1 EU123323.1.1.1258~1 FJ826177.1.1.1445~1 EU394564.1.1.1453~1 FJ825945.1.1.1445~1 GQ346803.1.1.1328~1 HQ671976.1.1.1451~1 HQ672077.1.1.1451~1 HQ166830.1.1.1310~1 FJ825909.1.1.1445~1	CTAATCCCATTTGCTCCCCTAGCTGTCGTCtctcAGTGTCAGTTATGGCCCAGTAGAGTGCCTTCGCCATTGGTGTTCTTCCTAATATCTACGCATTTCACCGCTACACTAGGAATTCCCTCTACCTCTACCACACTCAAGTCTAGCAGTTTCCACTGCTTTTCTGGGGTTGAGCCCCAGTCTTTAACAGCAGACTTACCAAACCACCTACAGACGCTTTATGCCCAGTGATTCCGGATAACGCTTGCATCCTCTGTATTACCGCGGCTGCTGGCACAGAGTTAGCCGATGCTTATTCCTCAAGTACCGTCAGAACTTCTTCCTTGAGAAAAGAGGTTTACAACCCACAGGCCGTCATCCCTCACGCGGTATTGCTCCG
116	10	OTU99_000010	99.00.00	0.0032786885245901657	0.0029377203290246777	0.0016510731975784259	0.026191139593201442	0.036635006784260529	0.044831880448318817	0.16380866425992791	0.039753255654557923	0.012967765839199702	0.029636898920510312	0.018497965223825397	0.034873188405797111	0.17164855072463772	0.014479215319943955	0.00048355899419729175	0.0014612761811982453	0.00048899755501222468	0.0	0.0	0.0	0.0	0.0	0.0	0.0	0.0	0.0	0.0	0.0	0.0	0.0	0.0	0.00088731144631765753	0.0	0.00045913682277318635	0.0	0.0	0.0	0.0	0.0	0.0	0.00060060060060060079	0.0013559322033898317	0.0	0.0	0.0	0.0	Polaribacter	Bacteria;Bacteroidetes;Flavobacteria;Flavobacteriales;Flavobacteriaceae;Polaribacter;	EU365593.1.1.1482~0.996364 U73726.1.1.1440~0.996364 EU330381.1.1.1482~0.996364 FJ196065.1.1.1482~0.996364 AF468409.1.1.1427~0.992727 AF468413.1.1.1451~0.992727 U85885.1.1.1476~0.981818 DQ925857.1.1.1377~0.978182 GU235339.1.1.1361~0.974545 FN433361.1.1.1480~0.974545	CTAATCCTGTTCGCTCCCCACGCTTTCGTCCCTCAGCGTCAGTACATACGTAGTAGACTGCCTTCGCAATCGGTATTCTGTGTAATCTCTATGCATTTCACCGCTACACTACACATTCTATCTACTTCCATATGACTCAAGTCAACCAGTATCAAAGGCAGTTCCGTCGTTGAGCGACGGGATTTCACCTCTGACTTAATTGACCGCCTGCGGACCCTTTAAACCCAATGATTCCGGATAACGCTTGGATCCTCCGTATTACCGCGGCTGCTGGC
180	77	OTU99_000077	99.00.00	0.0	0.0	0.0	0.0011145165784341036	0.0033921302578019011	0.0041511000415110034	0.00090252707581227483	0.0	0.0055576139310855865	0.0049067713444553495	0.0033296337402885716	0.0081521739130434815	0.0022644927536231889	0.0084072863148061654	0.0029013539651837512	0.0014612761811982453	0.0019559902200488987	0.0077334919690660421	0.0087847730600292828	0.011280315848843767	0.014308426073131944	0.021393307734503573	0.014502762430939226	0.017041581458759381	0.0016260162601626023	0.0037878787878787906	0.0023223409196470039	0.0018393623543838126	0.0064888248017303607	0.018396846254927737	0.016934046345811062	0.0097604259094942331	0.0049627791563275417	0.0059687786960514241	0.007088331515812436	0.0078048780487804826	0.0073081607795371459	0.005249343832020999	0.0015298317185109629	0.007163323782234967	0.0084084084084084122	0.002033898305084748	0.0078651685393258484	0.0037831021437578836	0.0	0.0015948963317384372	Cyclobacteriaceae_uncultured	Bacteria;Bacteroidetes;Cytophagia;Cytophagales;Cyclobacteriaceae;uncultured;	HM129647.1.1.1445~1 GU305706.1.1.1485~1 HM129875.1.1.1445~1 HM129754.1.1.1445~1 HM129791.1.1.1443~1 HM129886.1.1.1445~1 HM129962.1.1.1445~1 JN868870.1.1.1515~1 HM128711.1.1.1445~1 HM129765.1.1.1445~1	CTAATCCTGTTCGATCCCCACACTTTCGTGCCTCAGCGTCAGTTGTTGGCCAGTACAATGCCTTCGCTATCGGTGTTCCTGATGGTATCTATGCATTTCACCGCTACACCATCAATTCCATGTACCCCTCCAACACTCAAGCTAAACAGTATCAACGGCACTGCTCCGGTTAAGCCGAAGTCTTTCACCGCTGACTTATTCAGCCGCCTACGCACCCTTTAAACCCAATAAATCCGGACAACGCTTGCACCCTCCGTATTACCGCGGCTGCTGGCACGGAGTTAGCCGGTGCTTATTCATCTGGTACCGGCAATTTTCCACGCATGGACTTtttCTTCCCAGATAAAAGCAGTTTACAACCCAGAGGGCCGTCTTCCTG
153	74	OTU99_000074	99.00.00	0.0	0.0	0.0	0.0047366954583449418	0.00067842605156038019	0.0033208800332088029	0.0058664259927797878	0.015078821110349559	0.0051871063356798809	0.0035328753680078512	0.0066592674805771431	0.014945652173913049	0.0031702898550724653	0.0065390004670714645	0.0014506769825918756	0.0024354603019970766	0.00097799511002444914	0.0011897679952409298	0.00097608589555880899	0.0050761421319796959	0.004769475357710648	0.012068019747668678	0.026933701657458554	0.0047716428084526273	0.0010840108401084015	0.0037878787878787906	0.003251277287505806	0.0024524831391784171	0.0021629416005767869	0.0059132720105124865	0.00089126559714795036	0.0	0.0	0.0013774104683195593	0.001090512540894221	0.0014634146341463408	0.0	0.0	0.0	0.0	0.0	0.0040677966101694959	0.0089887640449438262	0.0063051702395964717	0.0	0.0026581605528973955	Flavobacteriaceae	Bacteria;Bacteroidetes;Flavobacteria;Flavobacteriales;Flavobacteriaceae;	HM127504.1.1.1438~0.98153 EU703307.1.1.1383~0.978892 EU703318.1.1.1392~0.978892 JN232993.1.1.1442~0.970976 EU544750.1.1.1449~0.970976 HQ674315.1.1.1484~0.970976 FJ425215.1.1.1438~0.970976 AB496666.1.1.1411~0.970976 AB496660.1.1.1403~0.970976 FJ425214.1.1.1414~0.968338	CTAATCCTGTTCGCTCCCCACGCTTTCGTCCATGAGCGTCAGTACATACGTAGTAGACTGCCTTCGCAATCGGTATTCTGTGTAATATCTATGCATTTCACCGCTACACTACACATTCTATCTACTTCCATATGACTCAAGTCAACCAGTATCAAAGGCAGTTCCATCGTTAAGCGATGGGATTTCACCTCTGACTTAATTGACCGCCTGCGGACCCTTTAAACCCAATGATTCCGGATAACGCTTGCACCCTCCGTATTACCGCGGCTGCTGGCACGGAGTTAGCCGGTGCTTATTCATACAGTACCGTCAAGCTCGGACACGTCCGAGTGTTTCTTCCTGTATAAAAGCAGTTTACAATCCATAGGACCTTATTCCT
54	13	OTU99_000013	99.00.00	0.01803278688524591	0.011750881316098707	0.020913593835993401	0.010866536639732513	0.039348710990502044	0.039020340390203426	0.023916967509025285	0.019191226867717619	0.057428677287884387	0.036506378802747798	0.042545320014798424	0.019474637681159427	0.032608695652173926	0.0070060719290051402	0.0091876208897485462	0.0082805650267900582	0.012224938875305617	0.049375371802498583	0.070278184480234249	0.021996615905245348	0.022787493375728652	0.023038946791003847	0.033149171270718231	0.032719836400818013	0.013550135501355021	0.032670454545454565	0.024616813748258245	0.031882280809319423	0.058399423215573239	0.058475689881734585	0.08645276292335119	0.061224489795918373	0.026054590570719596	0.072543617998163445	0.029989094874591078	0.049756097560975578	0.037758830694275262	0.051837270341207373	0.02243753187149413	0.017550143266475665	0.046246246246246257	0.067796610169491595	0.050561797752809015	0.10970996216897862	0.0025364616360177548	0.041998936735778841	SAR86_clade	Bacteria;Proteobacteria;Gammaproteobacteria;Oceanospirillales;SAR86 clade;	EU799845.1.1.1288~0.984169 EU799875.1.1.1499~0.984169 FJ744919.1.1.1369~0.984169 EU799943.1.1.1499~0.984169 FJ744878.1.1.1369~0.984169 FJ745022.1.1.1366~0.984169 HQ241988.1.1.1378~0.984169 HQ242489.1.1.1380~0.984169 FJ745118.1.1.1371~0.984169 EU800049.1.1.1499~0.984169	CTAATCCTGTTCGCTACCCACGCTTTCGCACCTCAGTGTCAGTACAGATCCAGGAGGCTGCCTTCGCCATTGGTATTCTTCACAATATCTACGCATTCCACCGCTACACTGTGAATTCTACCTCCCTCTATCGTACTCTAGTGAACCAGTTTTGAATGCAGTTCCCAGGTTGAGCCCGGGGATTTCACATCCAACTTAATAAACCACCTACGcgcgcTTTACGCCCAGTAATTCCGATTAACGCTTGGACCTTCCGTATTACCGCGGCTGCTGGCACGGAATTAGCCGGTCCTTATTCTGATGGTAATGTCACAGTTATTGGGTATTAGCCAATAACCTTTCTTCCCAACTTAAAGTGCTTTACAACCCTAAGGCCTTC
139	67	OTU99_000067	99.00.00	0.0	0.0	0.0	0.0	0.0	0.0	0.0	0.0	0.0	0.0	0.0	0.0	0.0	0.0	0.0	0.00048709206039941524	0.0	0.0023795359904818592	0.0043923865300146405	0.0050761421319796959	0.004769475357710648	0.0	0.0	0.041581458759372893	0.020054200542005428	0.022253787878787894	0.031583836507199259	0.00429184549356223	0.0079307858687815511	0.00065703022339027651	0.00089126559714795036	0.0026619343389529732	0.0	0.002295684113865932	0.00054525627044711049	0.0024390243902439007	0.0012180267965895245	0.0013123359580052498	0.0010198878123406422	0.0010744985673352451	0.0090090090090090124	0.0013559322033898317	0.0	0.0	0.0	0.0	vadinHA64	Bacteria;Verrucomicrobia;Opitutae;vadinHA64;	JF429257.1.1.1492~1 FJ612343.1.1.1490~1 JF429191.1.1.1492~1 JN868733.1.1.1521~1 EU800366.1.1.1491~1 HM129909.1.1.1458~1 AY863090.1.1.1355~1 JN868867.1.1.1521~1 GQ340115.1.1.1393~0.997361 GQ340097.1.1.1393~0.997361	CTAATCCCTTTTGCTCCCCACGCTTTCGAGCCTGAGCGTCAGATCTTGTCCAGTAAGCTGCCTTCGCCGTTGGTGTTCCTCTTGATATCTACGCATTTCACTGCTCCACCAAGAATTCCGCTTACCCCTCCAAGTCTCTAGACTCGTAGTTTCGAACGCAGCACCGGGGTTAAGCCCCGGTATTTCACGTCCGACacacGAGTCCGCCTGCGCTCCCTTTACGCCCAGTGAATCCGAGTAACGCTTGCAGTCTCTGTATTACCGCGGCTGCTGGCACAGAGTTAGCCACTGCTTCCTCTTTGGGTTAATTCAAACCAGGGTATGAGCCTGGCCATTAGTCCCCAATGACAGGAGTTTACAATCCGAAGACCTTCATCCC
173	71	OTU99_000071	99.00.00	0.00081967213114754152	0.0	0.0022014309301045683	0.0011145165784341036	0.0033921302578019011	0.0	0.00090252707581227483	0.00068540095956134354	0.001482030381622823	0.0015701668302257122	0.0	0.0013586956521739139	0.0009057971014492757	0.0	0.00048355899419729175	0.00048709206039941524	0.0	0.0005948839976204648	0.001952171791117618	0.0033840947546531297	0.0026497085320614715	0.012068019747668678	0.012430939226519335	0.014996591683708255	0.014634146341463421	0.011837121212121224	0.018578727357176032	0.023298589822194963	0.0093727469358327441	0.001314060446780553	0.0049019607843137272	0.0062111801242236038	0.0012406947890818854	0.0055096418732782371	0.002726281352235552	0.0058536585365853632	0.0024360535931790489	0.007217847769028873	0.0030596634370219258	0.0021489971346704902	0.0096096096096096126	0.002033898305084748	0.0022471910112359561	0.0	0.0	0.0015948963317384372	Owenweeksia	Bacteria;Bacteroidetes;Flavobacteria;Flavobacteriales;Cryomorphaceae;Owenweeksia;	EU801773.1.1.1422~1 EU801763.1.1.1480~1 EU802071.1.1.1483~1 EU802047.1.1.1483~1 EU801603.1.1.1452~1 EU802089.1.1.1481~1 EU801403.1.1.1483~1 EU801251.1.1.1476~0.997361 HM129385.1.1.1441~0.997361 HM129097.1.1.1441~0.997361	CTAATCCTGTTTGCTCCCCACGCTTTCGTCCCTCAGCGTCAGTTGTAACATAGTAAGCTGCCTTCGCAATCGGTGTTCTAGGGCATATCTATGCATTTCACCGCTACATGCCCTATTCCGCCTACTTCTACTACACTCAAGATCTCCAGTATCAATGGCAGTTCCACAGTTGAGCTGTGGGCTTTCACCACTGACTTAAAGATCCGCCTACGGACCCTTTAAACCCAATAAATCCGGATAACGCTTGCATCCTCCGTATTACCGCGGCTGCTGGCACGGAGTTAGCCGATGCTTATTCGTAAGGTACCTTCAGCCTCCTACACGTAGGAGGGTTTATTCCCAAACAAAAGCAGTTTACAACCCAGAGGGCCGTCTTCCT
50	41	OTU99_000041	99.00.00	0.013114754098360666	0.0094007050528789639	0.014859658778205836	0.0097520200612984075	0.0047489823609226612	0.012453300124533009	0.00090252707581227483	0.011651816312542839	0.0018525379770285291	0.0	0.0018497965223825397	0.0	0.0036231884057971028	0.0	0.007736943907156668	0.012664393570384796	0.012224938875305617	0.041046995835812061	0.020985846754514398	0.0090242526790750132	0.01271860095389506	0.037849698299506317	0.047651933701657455	0.0054533060668030004	0.013550135501355021	0.0052083333333333374	0.0060380863910822098	0.0024524831391784171	0.014419610670511913	0.019053876478318011	0.0017825311942959007	0.0035492457852706301	0.0	0.002295684113865932	0.003271537622682663	0.00097560975609756022	0.0012180267965895245	0.00065616797900262488	0.0020397756246812843	0.00035816618911174833	0.0042042042042042061	0.0	0.0	0.019546027742749064	0.0	0.038277511961722493	FamilyI	Bacteria;Cyanobacteria;Cyanobacteria;SubsectionIV;FamilyI;	FJ424568.1.1.1324~1 FJ424571.1.1.1324~1 JN257072.1.1.1410~1 FJ424569.1.1.1324~1 FJ424567.1.1.1324~1 HQ324869.1.1.1451~1 JN257077.1.1.1410~1 EU157989.1.1.1337~1 JN257071.1.1.1410~1 FJ424570.1.1.1324~1	CTAATCCCATTCGCTCCCCTAGCTTTCGTCCCTCAGTGTCAGTCTCGGCCTAGCAGAGCGCCTTCGCCACTGGTGTTCTTCCTGATATCTACGCATTTCACCGCTACACCAGGAATTCCCTCTGCCCCGACCACACTCTAGCTTTGTAGTTTCCACTGCTCTTATTTGGTTGAGCCAAACTCTTTAACAGCAGACTTACAATGCCACCTGCGGACCCTTTACGCCCAATCATTCCGGATAACGCTTGCATCCTCCGTATTACCGCGGCTGCTGGCACGGAGTTAGCCGATGCTTATTCCTCAGGTACCGTCATTCTGTTCTTCCCTGAGAAAAGAGGTTTACAACCCAAGAGCCTTCCTCCCTCACGCGGTATTGCTCC
87	14	OTU99_000014	99.00.00	0.013114754098360666	0.0058754406580493555	0.002751788662630711	0.0019504040122596818	0.0020352781546811409	0.00041511000415110031	0.0013537906137184124	0.0027416038382453733	0.0037050759540570568	0.0019627085377821396	0.0033296337402885716	0.0013586956521739139	0.0	0.00093414292386735176	0.0029013539651837512	0.0034096444227959071	0.0088019559902200433	0.021415823914336728	0.018545632015617378	0.029328821206993788	0.0275569687334393	0.022490400438837089	0.069060773480662974	0.027266530334015011	0.13224932249322499	0.026041666666666682	0.084533209475150958	0.10606989576946654	0.017303532804614299	0.028909329829172162	0.018716577540106961	0.012422360248447208	0.011166253101736972	0.0041322314049586769	0.02399127589967286	0.015121951219512186	0.045066991473812407	0.0026246719160104995	0.0045894951555328894	0.0060888252148997204	0.012612612612612617	0.0047457627118644118	0.041573033707865199	0.054854981084489322	0.0012682308180088774	0.010101010101010104	LD29	Bacteria;Verrucomicrobia;Spartobacteria;Chthoniobacterales;LD29;	HM129597.1.1.1485~1 HM129391.1.1.1485~1 HM129056.1.1.1484~1 HM129371.1.1.1485~1 HM129008.1.1.1485~1 HM129411.1.1.1485~1 HM129380.1.1.1484~1 HM129428.1.1.1484~1 HM129471.1.1.1485~1 HM128989.1.1.1485~1	CTAATCCCGTTTGCTCCCCTGGCCTTCGTGCCTCAGTGTCAGGAATTGCCCAGGCATTCGCCTTCGCCACTGGTCTTCCTCACGATATCTACGCATTTCACTGCTACACCGTGAATTCCAATGCCCTCTACAATCCTCTAGCAAAGCAGTATCGAATGCAGTTTCCAAGTTGAGCTTGGAGATTTCACATCCGACTTACCTCGCCACCTACGCACCCTTTACGCCCAATGAATCCGAACAACGCTTGAGACCTCTGTATTACCGCGGCTGCTGGCACAGAGTTAGCCGTCCCTTCCTCTTCAGATACTATCAACacacGGCCAGTTAAACCATGTGCCTTGTTCTCTAATGACAGGAGTTTACAATCCGAAACCTTCAT
95	3	OTU99_000003	99.00.00	0.023770491803278702	0.020564042303172742	0.019262520638414975	0.027305656171635547	0.071234735413839914	0.063096720630967232	0.036101083032490995	0.034955448937628517	0.05928121526491293	0.094995093228655555	0.04476507584165746	0.21784420289855083	0.037137681159420295	0.071461933675852421	0.040618955512572517	0.026302971261568425	0.016136919315403415	0.025580011897679986	0.024890190336749638	0.03102086858432036	0.030206677265500768	0.036752605595172801	0.011049723756906075	0.020449897750511259	0.0070460704607046105	0.013731060606060618	0.006967022758941014	0.01716738197424892	0.025955299206921443	0.0078843626806833142	0.01604278074866311	0.011535048802129549	0.014888337468982632	0.033057851239669415	0.0098146128680479897	0.019024390243902428	0.0085261875761266717	0.026902887139107622	0.015298317185109633	0.014326647564469934	0.043243243243243266	0.077288135593220411	0.030337078651685414	0.039722572509457779	0.010145846544071019	0.0085061137692716646	NS3a_marine_group	Bacteria;Bacteroidetes;Flavobacteria;Flavobacteriales;Flavobacteriaceae;NS3a marine group;	GQ347884.1.1.1374~1 GQ347963.1.1.1383~1 GU451672.1.1.1244~1 GQ348532.1.1.1376~1 GU451674.1.1.1246~1 HM140651.1.1.1468~1 HM140652.1.1.1468~1 HQ242317.1.1.1488~1 HM140645.1.1.1468~1 GQ348552.1.1.1377~1	CTAATCCTGTTCGCTACCCACGCTTTCGTCCATCAGCGTCAGTTAGTACTTAGTAAGCTGCCTTCGCAATTGGTGTTCTATGTAATATCTATGCATTTCACCGCTACACTACATATTCCGCCTACTTCAATACAACTCAAGATGACCAGTATCAAAGGCAATTTTACAGTTGAGCTGCAAACTTTCACCCCTGACTTAATCATCCGCCTACGGACCCTTTAAACCCAATAATTCCGGATAACGCTCGGACCCTCCGTATTACCGCGGCTGCTGGCACGGAGTTAGCCGGTCCTTATTCTTACAGTACCGTCATCACCTTACACGTAAGGCTTATTCTTCCTGTATAAAAGCAGTTTACAACCCATAGGGCAGTCTTCCT
148	20	OTU99_000020	99.00.00	0.0016393442622950833	0.0017626321974148059	0.0	0.0016717748676511558	0.013568521031207604	0.014943960149439613	0.0040613718411552377	0.0034270047978067182	0.009262689885142646	0.020215897939156038	0.011098779134295238	0.05525362318840582	0.0	0.029892573563755256	0.0058027079303675025	0.005845104724792982	0.0024449877750611234	0.0041641879833432529	0.0034163006344558318	0.0067681895093062595	0.0079491255961844139	0.0060340098738343407	0.0020718232044198894	0.0	0.0065040650406504091	0.011363636363636373	0.0046446818392940079	0.01716738197424892	0.0050468637346791695	0.002628120893561106	0.00044563279857397524	0.0026619343389529732	0.0	0.011478420569329659	0.002726281352235552	0.0068292682926829225	0.0	0.0065616797900262492	0.0020397756246812843	0.0064469914040114684	0.035435435435435446	0.053559322033898356	0.0011235955056179781	0.0012610340479192943	0.0	0.0	Fluviicola	Bacteria;Bacteroidetes;Flavobacteria;Flavobacteriales;Cryomorphaceae;Fluviicola;	FJ612232.1.1.1505~1 EU801372.1.1.1483~1 GQ340135.1.1.1391~1 GQ340104.1.1.1392~1 EU800805.1.1.1489~1 FN668188.2.1.1485~1 EU703398.1.1.1394~1 GU305704.1.1.1491~0.997361 FJ612237.1.1.1499~0.997361 FN668148.2.1.1473~0.997361	CTAATCCTGTTTGATCCCCACGCTTTCGTCCCTGAGCGTCAATTCAGGCCTAGTGAGCTGCCTTCGCTATCGGTGTTCTGTGTAATATCTATGCATTTCACCGCTACACTACACATTCCGCCCACTCCGACCGAATTCAAGACTTACAGTATCAATGGCAGTTCTATCGTTAAGCGATAGGATTTCACCACTGACTTATAAATCCGCCTGCGGACCCTTTAAACCCAATGATTCCGGATAACGCTTGCACCCTCCGTATTACCGCGGCTGCTGGCACGGAGTTAGCCGGTGCTTATTCATTTGGTACCTTCAGCTctctACACGTAAAGAGGTTTATTCCCAAATAAAAGCAGTTTACAACCCATAGGGCATTCTTCCT
73	43	OTU99_000043	99.00.00	0.0	0.0011750881316098707	0.0022014309301045683	0.0016717748676511558	0.017639077340569884	0.028227480282274814	0.01037906137184116	0.0267306374228924	0.015561319007039644	0.0092247301275760561	0.0096189419163892047	0.029438405797101459	0.012681159420289861	0.01961700140121439	0.0024177949709864592	0.0043838285435947371	0.00097799511002444914	0.016656751933373019	0.013177159590043922	0.015792442188381273	0.01377848436671965	0.0082281952825013736	0.0027624309392265184	0.0047716428084526273	0.002710027100271004	0.0028409090909090936	0.0	0.0024524831391784171	0.0021629416005767869	0.0	0.00044563279857397524	0.0017746228926353151	0.0	0.0027548209366391185	0.0016357688113413315	0.00097560975609756022	0.0	0.0019685039370078749	0.0	0.0	0.0018018018018018027	0.0054237288135593267	0.0011235955056179781	0.0012610340479192943	0.0	0.0010632642211589581	SAR92_clade	Bacteria;Proteobacteria;Gammaproteobacteria;Alteromonadales;Alteromonadaceae;SAR92 clade;	EU802174.1.1.1498~1 HQ433428.1.1.1391~0.965699 GQ349755.1.1.1370~0.965699 FR684789.1.1.1494~0.960422 FR684405.1.1.1497~0.960422 FR683829.1.1.1494~0.960422 AY386335.1.1.1352~0.960422 HQ242562.1.1.1495~0.960422 AY102028.1.1.1523~0.960422 FR685500.1.1.1495~0.960422	CTAATCCTGTTTGCTCCCCACGCTTTCGCACCTCAGCGTCAGTATCAGTCCAGGTGGCCGCCTTCGCCACTGATGTTCCTTCCTATATCTACGCATTTCACCGCTACACAGGAAATTCCGCCACCCTCTACTGTACTCTAGTCAGACAGTTCTAACTGCAGTTCCCAGGTTGAGCCCAGGGCTTTCACAGCTAGCTTATCAAACCGCCTACGcgcgcTTTACGCCCAGTAATTCCGATTAACGCTCGCACCCTCCGTATTACCGCGGCTGCTGGCACGGAGTTTGCCGGTGCTTCTTCTGTAGGTAACGTCACAGCTCGAGAGTATTAATCTCGAACCTTTCCTCCCCACTGAAAGTGCTTTACAACCCTAAGGCCTTC
146	100	OTU99_000100	99.00.00	0.0024590163934426245	0.0023501762632197414	0.0016510731975784259	0.000835887433825578	0.0074626865671641807	0.0049813200498132039	0.0022563176895306872	0.0061686086360520911	0.009262689885142646	0.0043179587831207083	0.007029226785053651	0.014039855072463773	0.0	0.0046707146193367593	0.010638297872340422	0.017048222113979532	0.0053789731051344719	0.015466983938132084	0.0073206442166910699	0.0084602368866328239	0.0052994170641229429	0.012068019747668678	0.0034530386740331486	0.0081799591002045032	0.0	0.0014204545454545468	0.0023223409196470039	0.0018393623543838126	0.0014419610670511913	0.0	0.0	0.0017746228926353151	0.0	0.0027548209366391185	0.003816793893129773	0.0	0.0024360535931790489	0.005249343832020999	0.0	0.0010744985673352451	0.0048048048048048063	0.0	0.0	0.0	0.0	0.0	BAL58_marine_group	Bacteria;Proteobacteria;Betaproteobacteria;Burkholderiales;Comamonadaceae;BAL58 marine group;	EU801730.1.1.1432~1 EU801859.1.1.1501~1 EU802015.1.1.1501~1 EU801766.1.1.1499~1 EU801932.1.1.1505~1 EU802190.1.1.1501~1 HQ203891.1.1.1499~1 HQ225154.1.1.1499~1 EU802226.1.1.1501~1 EU801814.1.1.1501~1	CTAATCCTGTTTGCTCCCCACGCTTTCGTGCATGAGCGTCAGTACAGGTCCAGGgggCTGCCTTCGCCATCGGTGTTCCTCCGCATATCTACGCATTTCACTGCTACACGCGGAATTCTACCccccTCTACCGTACTCTAGCCTTGCAGTCACAAGCGCAATTCCCAGGTTGAGCCCGGGGATTTCACGCCTGTCTTACAAAACCGCCTGCGCACGCTTTACGCCCAGTAATTCCG
112	101	OTU99_000101	99.00.00	0.00081967213114754152	0.0	0.0011007154650522844	0.0	0.0020352781546811409	0.0	0.0	0.0	0.0	0.0	0.0	0.0	0.0	0.0	0.0	0.0	0.0	0.0	0.0	0.0	0.0	0.0	0.0	0.0020449897750511258	0.0	0.00047348484848484882	0.0018578727357176032	0.0018393623543838126	0.0036049026676279782	0.016425755584756906	0.01024955436720143	0.011535048802129549	0.014888337468982632	0.013774104683195591	0.019629225736095979	0.015609756097560965	0.020706455542021916	0.022965879265091874	0.0056093829678735326	0.009312320916905455	0.015615615615615622	0.0074576271186440743	0.0056179775280898918	0.0031525851197982359	0.0	0.00053163211057947904	AEGEAN-169_marine_group	Bacteria;Proteobacteria;Alphaproteobacteria;Rhodospirillales;Rhodospirillaceae;AEGEAN-169 marine group;	EU801696.1.1.1459~0.997361 HQ166742.1.1.1314~0.994723 GU230259.1.1.1452~0.994723 FJ826061.1.1.1360~0.994723 AACY020487638.1.121.1594~0.994723 AACY023851416.1.218.1496~0.994723 GU230260.1.1.1452~0.994723 AACY023450885.1.118.1556~0.994723 GU119492.1.1.1416~0.992084 EF471704.1.1.1425~0.989446	CTAATCCCGTTTGCTACCCATGCCTTCGCATCTCAGCGTCAATATCAGTCCAGAAAATCGCCTTCGCCACTGGTGTTCCTTCCAATATCTACGAATTTCACCTCTACACTGGAAATTCCATTTTCCTCTCCTGAATTCCAGAACAAAAGTTTTAAAAGCCATTCCTAGGTTGAGCCCAGGGATTTCACTTCTAACTTtttGTTCCGCCTACATGCGCTTTACGCCCAGTAATTCCGAACAACGCTAGGACCTTCCGTATTACCGCGGCTGCTGGCACGGAATTAGCCGGTCCTTCTTCTTCGGCTACTGTCATTATCCTCACCGATGAAAGAGCTTTACAACCCTAAGGCCTTCGTCACTCACGCTGCATTGCTGGATC
120	28	OTU99_000028	99.00.00	0.0049180327868852489	0.0011750881316098707	0.002751788662630711	0.0055725828921705193	0.0081411126187245636	0.00041511000415110031	0.0	0.0	0.0037050759540570568	0.0011776251226692841	0.0048094709581946024	0.0	0.0	0.0046707146193367593	0.0	0.0024354603019970766	0.0058679706601466961	0.0041641879833432529	0.004880429477794046	0.0011280315848843767	0.0010598834128245885	0.0	0.0041436464088397788	0.0034083162917518763	0.069376693766937697	0.025568181818181837	0.037157454714352063	0.022685469037400353	0.0079307858687815511	0.012483574244415251	0.01336898395721926	0.030168589174800354	0.040942928039702231	0.011937557392102843	0.037622682660850622	0.036097560975609733	0.029232643118148591	0.019685039370078747	0.020397756246812841	0.025071633237822379	0.012612612612612617	0.0081355932203389918	0.05617977528089891	0.059899117276166487	0.0	0.0026581605528973955	FamilyI	Bacteria;Cyanobacteria;Cyanobacteria;SubsectionI;FamilyI;	AB154316.1.1.1408~1 HM217054.1.1.1297~0.992084 HM217069.1.1.1371~0.992084 AF448061.1.1.1401~0.992084 AY172837.1.1.1440~0.992084 AF448068.1.1.1421~0.992084 HQ832914.1.1.1301~0.992084 FJ937860.1.1.1342~0.989446 FJ937858.1.1.1343~0.989446 AB058226.1.1.1256~0.989446	CTAATCCCTTTCGCTCCCCTGGCTTTCGTCCATGAGCGTCAGTTATGGCCCAGCAGAGCGCCTTCGCCACTGGTGTTCTTCCCGATATCTACGCATTTCACCGCTACACCGGGAATTCCCTCTGCCCCTACCACACTCTAGTCTTCTAGTTTCCATTGCTGAAATGGAGTTGAGCTCCACGCTTTAACAACAGACTTTCAAGACCGCCTGCGGACGCTTTACGCCCAATAATTCCGGATAACGCTTGCCACTCCCGTATTACCGCGGCTGCTGGCACGGAATTAGCCGTGGCTTATTCATCAAGTACCGTCAGATCTTCTTCCTTGATAAAAGAGGTTTACAGCCCAGAGGCCTTCATCCCTCACGCGGCGTTGCTCCG
103	31	OTU99_000031	99.00.00	0.017213114754098372	0.0094007050528789639	0.019262520638414975	0.013652828085817774	0.01153324287652646	0.007887090078870904	0.013086642599277987	0.016449623029472244	0.023341978510559466	0.020019627085377828	0.032186459489456185	0.013134057971014499	0.0076992753623188427	0.0088743577767398437	0.0082205029013539595	0.0087676570871894743	0.0063569682151589204	0.0077334919690660421	0.0043923865300146405	0.0011280315848843767	0.0074191838897721199	0.0016456390565002749	0.0027624309392265184	0.0	0.0048780487804878075	0.0023674242424242447	0.0037157454714352063	0.0024524831391784171	0.0	0.001314060446780553	0.0017825311942959007	0.00088731144631765753	0.007444168734491316	0.012855831037649217	0.007088331515812436	0.015121951219512186	0.012180267965895242	0.013123359580052498	0.0096889342172361004	0.013968481375358183	0.010810810810810813	0.029830508474576307	0.016853932584269676	0.01891551071878942	0.029169308814204181	0.020202020202020207	CL500-29_marine_group	Bacteria;Actinobacteria;Acidimicrobiia;Acidimicrobiales;Acidimicrobiaceae;CL500-29 marine group;	HM856390.1.1.1444~0.989446 HM446118.1.1.1447~0.989446 EU234298.1.1.1510~0.989446 EU234292.1.1.1504~0.989446 EU234294.1.1.1502~0.989446 GQ387490.1.12947.14448~0.989446 HM129704.1.1.1444~0.989446 HM446097.1.1.1447~0.989446 EU800362.1.1.1247~0.989446 AJ575506.1.1.1480~0.989446	CTAATCCTGTTTGCTACCCATGCTTTCGCTCCTCAGCGTCAGTTTCAGTCCAGAGCGGCGCCTTCGCCACCGGTGTTCCTCCTAATATCTGCGCATTTCACCGCTACACTAGGAATTCCCCGCTCCCCTCCTGAACTCAAGTCATAGTAGTATCGGATGGCGTCTCCGGGTTGAGCCCAGAGTTTTAACACCCGACTTACTAAACCGCCTACGAGCTCTTTACGCCCAATAAATCCGGACAACGCTTGGAGCCTACGTGTCACCGCGGCTGCTGGCACGTAGTTGGCCGCTCCTTCTTCTGCAGGTACCGTCATTTTCGTTCCTGCTGAAAGCGGTTTACAACCCGAAGGCCTTCATCCCGCACGCGGCGTTGCTGCGT
13	8	OTU99_000008	99.00.00	0.013114754098360666	0.0082256169212690973	0.028068244358833247	0.0075229869044302015	0.050203527815468149	0.005396430053964305	0.0072202166064981995	0.0089102124742974666	0.01407928862541682	0.0080471050049067735	0.011098779134295238	0.0	0.0063405797101449305	0.0	0.0024177949709864592	0.0034096444227959071	0.0063569682151589204	0.016656751933373019	0.0068326012689116635	0.011280315848843767	0.015368309485956534	0.012616566099835439	0.017265193370165747	0.025221540558963886	0.024390243902439039	0.026988636363636381	0.021830004644681836	0.016554261189454317	0.027397260273972636	0.047306176084099892	0.053921568627451011	0.064773735581188999	0.091811414392059532	0.078512396694214864	0.22628135223555085	0.12048780487804867	0.13641900121802675	0.12270341207349085	0.15451300356960729	0.17335243553008617	0.077477477477477505	0.046101694915254281	0.09662921348314614	0.11286254728877688	0.0012682308180088774	0.010101010101010104	CL500-29_marine_group	Bacteria;Actinobacteria;Acidimicrobiia;Acidimicrobiales;Acidimicrobiaceae;CL500-29 marine group;	HQ661194.1.1.1436~1 GU305782.1.1.1476~1 HQ661251.1.1.1436~1 HQ661180.1.1.1436~1 HQ661236.1.1.1436~1 HQ661294.1.1.1436~1 JN869199.1.1.1506~1 JQ346771.1.1.1352~1 JF830141.1.1.1477~1 HQ661237.1.1.1436~1	CTAATCCTGTTTGCTACCCATGCTTTCGTTCCTCAGCGTCAGTGTCGATCCAGAGTGGCGCCTTCGCCACCGGTGTTCCTCCTAATATCTGCGCATTTCACCGCTACACTAGGAATTCCCCACTCCCCTATCGAACTCAAGTTAAGCAGTATCGGGTGGCGTCTCTGGGTTGAGCCCAGAATTTTCACACCCGACTTACTCGACCGCCTACGAACTCTTTACGCCCAATAAATCCGGACAACGCTTGAAGCCTATGTATCACCGCGGCTGCTGGCACATAGTTGGCCGCTCCTTCTTCTGCAGGTACCGTCATTTTCGTTCCTGCTGAAAGCGGTTTACAGCCCGAAAGCCTTCTTCCCGCACGCGGCGTTGCTGCGTC
